Var1,Var2
r_0001,10000000
r_0002,10000000
r_0003,3.35961418263702
r_0004,10000000
r_0005,10000000
r_0006,-171.216530161785
r_0007,1.20606708237739
r_0012,-2.00578930371253
r_0013,10000000
r_0014,-8.48377012015164
r_0015,-20.8243972627349
r_0016,-9.44796979279369
r_0017,-33.734082876663
r_0018,0.204434271051781
r_0019,-11.3057502157812
r_0020,-2.68354285045706
r_0021,-19.7279886815217
r_0022,-80.8267
r_0023,-1.47822839103744
r_0024,-9.7202742607382
r_0025,-10.3979444301633
r_0026,4.10918139618398
r_0027,1.47339461456249
r_0028,-12.5939339427134
r_0029,-2.30251425516649
r_0030,-1.62089219473064
r_0032,8.41091034461726
r_0033,-21.0218116387859
r_0034,-21.0088399073058
r_0035,-13.6736516947839
r_0036,-19.638263102044
r_0037,-19.6388963372017
r_0038,-21.1730500496056
r_0039,-8.47697084952384
r_0040,-6.72104016090833
r_0041,-8.84552407818177
r_0042,-2.75355069554331
r_0043,-41.4395760915615
r_0044,0.982182289594689
r_0045,-13.2133858173629
r_0057,2.11064338683769
r_0058,-74.1225325675319
r_0059,-4.16407125743257
r_0060,0.0575867256816665
r_0061,5.8247288657937
r_0062,-3.6895420797802
r_0063,-1.46243831089681
r_0064,-3.68951228835935
r_0065,9.82913032398784
r_0066,-16.4495754930018
r_0067,-32.2217241484267
r_0068,-1.35401943808704
r_0069,8.75940552819588
r_0070,10000000
r_0072,-3.68950991238789
r_0073,-17.6628119177218
r_0074,10000000
r_0075,-10.7973805105295
r_0076,7.1134788243545
r_0077,22.4814513403663
r_0078,7.11284558919679
r_0079,-20.6972211487175
r_0080,-8.8755517982022
r_0081,-0.305039966388563
r_0082,-17.6628119177218
r_0083,9.55047868296629
r_0084,-28.813315930506
r_0085,-6.39508824078995
r_0086,-8.16328061402726
r_0087,0.620579887349749
r_0088,17.6627948611161
r_0089,17.6627948611161
r_0090,-16.7287591686622
r_0091,-6.65717876876287
r_0092,-17.6628119177218
r_0093,10000000
r_0094,0.224716401963519
r_0095,-5.31999994079107
r_0096,-8.84555809021322
r_0097,-9.44797353654593
r_0099,10000000
r_0100,10000000
r_0101,10000000
r_0102,-7.05600000000018
r_0103,7.05600000000004
r_0104,7.05600000000015
r_0105,-7.05599999999993
r_0106,-7.05599999999993
r_0107,-7.05600000000004
r_0108,-4.46239579083414
r_0109,-3.91556157033813
r_0111,-8.3793916133535
r_0112,-16.1067808155186
r_0113,-16.5448037534074
r_0114,-16.2818919097483
r_0115,-8.00821781351405
r_0116,10000000
r_0117,-5.96322233548108e-05
r_0118,0.386542299892195
r_0119,-30.3047370909988
r_0120,-15.1597
r_0121,-15.1597
r_0122,-15.1597
r_0123,10000000
r_0124,-15.1597000000001
r_0125,-15.1596999999999
r_0126,-3.61399999999992
r_0127,-3.61400000000003
r_0128,-3.61400000000015
r_0129,-3.61399999999992
r_0130,-3.61399999999992
r_0131,-3.61399999999992
r_0132,-3.61399999999992
r_0133,-3.61400000000015
r_0134,-3.61399999999992
r_0135,-3.61399999999981
r_0137,10000000
r_0138,3.6987995219455
r_0139,-9.28248661736404
r_0140,2.41035320635802
r_0142,-16.2216947496894
r_0143,-11.9617366190744
r_0144,5.67300000000002
r_0145,-3.85071207486067
r_0146,-6.31537104670912
r_0147,-2.78342226837594
r_0148,3.28292914653707
r_0149,3.43588894269658
r_0150,4.89465779144382
r_0151,2.43508703725877
r_0152,8.8533348400681
r_0153,2.11333231177287
r_0154,-18.9684350024929
r_0155,-20.1103035091869
r_0156,-1.45999999999998
r_0157,10000000
r_0158,-3.61399999999998
r_0159,-3.70399999999999
r_0160,-3.61399999999998
r_0161,-3.614
r_0162,-3.61400000000003
r_0163,5.37961418263706
r_0164,-10.3055240781818
r_0165,-4.6979460964686
r_0166,-4.81961418263705
r_0167,-4.1379460964686
r_0168,-10.3055240781818
r_0169,-4.81961418263701
r_0170,-4.13794609646854
r_0171,-10.3055240781818
r_0172,-14.5850834413312
r_0173,-7.30892895425256
r_0174,-14.1574454981615
r_0175,-7.98986751644821
r_0176,-11.9675529421489
r_0177,-5.11926823711548
r_0178,-5.79997496043558
r_0179,-4.81961418263705
r_0180,-4.1379460964686
r_0181,-10.3055240781818
r_0182,-4.81961418263705
r_0183,-4.13794609646857
r_0184,-10.3055240781817
r_0185,-10.6048636882722
r_0186,-4.81961418263705
r_0187,-4.13794609646854
r_0188,-5.72622637301049
r_0189,10.9470534800064
r_0190,-4.00756965168063
r_0191,-9.1958591190089
r_0192,1.61827561538445
r_0193,-3.113
r_0194,-3.113
r_0195,-2.47513758742832
r_0198,-3.113
r_0199,-8.99597568584699
r_0200,-21.5627
r_0201,-16.0165462445039
r_0202,-19.4581593362677
r_0203,-48.6718749879997
r_0204,-11.6464738192816
r_0205,-9.78552407818182
r_0206,-3.90300000000002
r_0207,16.3408876951244
r_0208,-22.1046205697999
r_0209,10000000
r_0210,10000000
r_0211,-24.9486729849499
r_0212,10000000
r_0213,10000000
r_0214,3.00181162678552
r_0215,-6.34016385887466
r_0216,-1.14338119057714
r_0217,1.14462571042961
r_0218,-1.14477738189942
r_0219,6.69852459986271
r_0220,10000000
r_0221,10000000
r_0222,3.53414058452609
r_0223,4.2430752183576
r_0224,-14.9366783292713
r_0225,-2.81284437987108
r_0226,-5.84007551868341
r_0227,-8.11233323475554
r_0228,0.891330405412099
r_0229,10000000
r_0230,-5.03226304425772
r_0231,-15.3855240781818
r_0233,-100.579224137391
r_0234,10000000
r_0235,0.341197317845342
r_0236,-7.38552407818173
r_0237,-7.38552407818179
r_0238,-97.6622240781818
r_0239,-108.639224137391
r_0240,10000000
r_0241,-330.365255488171
r_0242,-103.559224137391
r_0243,-8.81999999999999
r_0244,-17.1455240781819
r_0249,-27.2672299196743
r_0250,-27.7670826463983
r_0252,-3.76385779915659
r_0253,-3.763953731963
r_0254,3.76393243598517
r_0255,-45.354300059209
r_0256,-45.3543000037358
r_0259,-99.4722240781818
r_0260,-99.4722240781818
r_0261,-99.4722240781819
r_0262,-99.4722240781819
r_0263,10000000
r_0264,-5.58002044082536
r_0265,10000000
r_0266,-5.58002044082542
r_0267,-99.4722240781819
r_0268,-99.4722240781818
r_0269,-99.4722240781818
r_0270,-99.4722240781818
r_0271,10000000
r_0272,10000000
r_0273,-16.3390515026088
r_0274,-2.33066466460718
r_0278,-16.6799823862901
r_0279,-2.46043216908339
r_0280,-0.0536265415450146
r_0281,-23.3572788668578
r_0282,-23.3572788668579
r_0283,-23.3572788668578
r_0284,-23.3572788668577
r_0285,-23.3572788668579
r_0286,-23.3572788668579
r_0287,-23.3572788668577
r_0288,-23.3572788668578
r_0289,-23.357278866858
r_0290,-23.3572788668578
r_0291,-23.3572788668578
r_0292,-23.3572788668578
r_0293,-23.357278866858
r_0294,-23.3572788668575
r_0295,-23.3572788668582
r_0296,-23.357278866858
r_0297,-23.3572788668575
r_0298,-23.3572788668582
r_0299,-23.357278866858
r_0300,-10.7837473276119
r_0301,-10.5772590050194
r_0302,1.47359603716551
r_0303,1.47488418815309
r_0304,10000000
r_0306,-12.5889900784276
r_0307,-2.98268609386321
r_0308,-2.22403267021382
r_0309,-5.67299999999999
r_0310,-2.22408032811532
r_0311,-9.75745309164326
r_0312,10000000
r_0313,10000000
r_0314,-5.12964679364197
r_0315,-13.7670493240742
r_0317,-310.114631542313
r_0318,-5.12964679364197
r_0319,-25.030608755897
r_0320,-3.96038581736298
r_0321,1.52552407818177
r_0322,4.30829796636834
r_0323,1.60961418263702
r_0326,-5.12964679364192
r_0327,-5.12964714089245
r_0328,-21.4464798547817
r_0329,-5.12964679364196
r_0330,8.80378632910637
r_0331,-452.848801742578
r_0332,-15.22581205911
r_0334,-20.2775192746161
r_0335,-13.3075738775306
r_0340,10000000
r_0341,10000000
r_0342,10000000
r_0343,10000000
r_0344,-5.52744308758372
r_0345,-5.46624525941563
r_0346,-3.75040369340832
r_0347,15.282704410195
r_0348,7.43459615718933
r_0349,-6.07320413052398
r_0350,-19.6977412866108
r_0351,-10.8878537767087
r_0352,-6.74696138721616
r_0353,-6.74694935950164
r_0354,-15.223360538927
r_0355,-23.3572788668579
r_0356,-9.0653771785768
r_0357,-48.488455881598
r_0358,40.3761226468425
r_0359,10000000
r_0360,10000000
r_0361,10000000
r_0362,10000000
r_0363,8.80378632910626
r_0364,-27.8673283546952
r_0365,10000000
r_0366,-0.867387504419924
r_0368,-15.8403249409763
r_0369,-3.99445309164326
r_0370,10000000
r_0373,-23.3572788668578
r_0399,-18.4330682200443
r_0400,-18.4330682200442
r_0402,10000000
r_0410,-18.4328227535458
r_0412,-18.4330682200443
r_0436,10000000
r_0437,10000000
r_0438,10000000
r_0439,10000000
r_0440,10000000
r_0441,10000000
r_0442,10000000
r_0443,-5.98718124620636
r_0445,-3.08942662801343
r_0446,12.9644322942499
r_0447,13.5449718133751
r_0448,8.61642593390667
r_0449,8.61965413256081
r_0450,5.80573627295718
r_0451,-0.613599373910539
r_0452,-0.614892835651467
r_0453,-10.2274774158778
r_0454,10000000
r_0455,10000000
r_0457,-5.10428698512892
r_0458,-15.223360538927
r_0459,1.74795610076649
r_0460,-8.31716609524076
r_0461,-23.3572788668579
r_0462,-23.3572788668579
r_0463,220.547175679674
r_0464,262.949906534111
r_0465,2.59950212925266
r_0466,3.08004784946002
r_0467,-0.890000000000043
r_0468,-5.1967247810866
r_0469,-1.94885882515483
r_0470,12.0087015561929
r_0471,-17.4946114517377
r_0472,-21.6150055407573
r_0473,6.69852459986276
r_0475,-9.60630398456442
r_0476,1.49397074980891
r_0477,-12.2058061138171
r_0478,10000000
r_0479,10000000
r_0480,10000000
r_0481,-6.19650067013407
r_0482,-6.19640432353157
r_0483,-75.9530234672567
r_0484,-75.9531197733739
r_0485,-7.70385818285226
r_0486,-11.6847182665966
r_0487,8.84552407818177
r_0488,-15.2493090753383
r_0489,7.13697584058275
r_0490,10000000
r_0491,-3.38556271904832
r_0492,-2.6865258731502
r_0497,-15.5694260236437
r_0499,-20.4036574167614
r_0500,-5.24600000000002
r_0501,1.69241121373632
r_0502,0.045926576087183
r_0503,0.0424438247413406
r_0504,4.77102129252643
r_0505,0.465946096468628
r_0506,10000000
r_0507,10000000
r_0508,10000000
r_0509,-3.54455617525868
r_0510,10000000
r_0511,213.436148375502
r_0512,10000000
r_0514,-10.8427421751896
r_0518,10000000
r_0519,10000000
r_0520,10000000
r_0521,10000000
r_0522,10000000
r_0523,10000000
r_0524,-28.2486754083122
r_0525,-26.3736542496782
r_0526,-8.9831209284819
r_0527,1.37067610201495
r_0528,8.80315309394874
r_0529,8.80315309394868
r_0530,10000000
r_0531,10000000
r_0532,10000000
r_0533,-15.2251788239524
r_0534,-15.2251788239523
r_0535,-15.2251788239523
r_0536,-14.7534453772282
r_0537,16.8898082856509
r_0538,5.75053490885637
r_0539,10000000
r_0540,10000000
r_0541,-10.3329673889951
r_0542,-0.0533436307578086
r_0543,-8.95035967509608
r_0544,-12.7723205953531
r_0545,3.90442761832165
r_0546,-4.81961418263705
r_0547,-10.3055240781818
r_0548,-16.5698551557117
r_0549,-3.61399999999998
r_0550,10000000
r_0551,10000000
r_0552,10000000
r_0553,-5.69408490660181
r_0554,-6.37559341606264
r_0555,-27.7759996538631
r_0556,10000000
r_0557,15.5127149477424
r_0558,-9.81304867241147
r_0559,-8.400123861526
r_0560,-9.08299285061707
r_0561,-17.0853838885818
r_0562,-24.9430227583839
r_0563,-29.5327866896761
r_0564,-10.5833200362015
r_0565,1.2227178637628
r_0566,-3.5958538039665
r_0567,-3.68951909672068
r_0568,4.29763829111357
r_0569,4.1725689444205
r_0570,-4.70310368112578
r_0571,3.58584537863135
r_0572,3.58843220680978
r_0573,3.58598635991507
r_0574,3.64364091457435
r_0575,3.64119506767986
r_0596,-14.6599930707786
r_0597,-14.6599930707786
r_0598,-14.6599930707786
r_0599,-14.6599930707787
r_0600,-14.6599930707786
r_0601,-14.6599930707787
r_0602,-14.6599930707787
r_0603,-14.6599930707787
r_0604,-14.6599930707786
r_0605,-14.6599930707786
r_0606,-14.6599930707788
r_0607,-14.6599930707786
r_0608,-14.6599930707787
r_0609,-14.6599930707786
r_0610,-14.6599930707787
r_0611,-14.6599930707786
r_0612,-14.6599930707787
r_0613,-14.6599930707785
r_0614,-14.6599930707787
r_0615,-14.6599930707785
r_0616,-15.8198871672859
r_0617,-15.8198871672855
r_0618,-15.8198871672859
r_0619,-15.8198871672856
r_0620,-15.8198871672859
r_0621,-15.8198871672856
r_0622,-15.8198871672859
r_0623,-15.8198871672855
r_0624,-15.8198871672859
r_0625,-15.8198871672856
r_0626,-15.8163859984459
r_0627,-15.8163859984458
r_0628,-15.816385998446
r_0629,-15.8163859984458
r_0630,-15.816385998446
r_0631,-15.8163859984458
r_0632,-15.816385998446
r_0633,-15.8163859984459
r_0634,-15.8163859984459
r_0635,-15.8163859984458
r_0636,-16.2013602941748
r_0637,-16.2013602941746
r_0638,-16.2013602941748
r_0639,-16.2013602941745
r_0640,-16.2013602941748
r_0641,-16.2013602941745
r_0642,-16.2013602941747
r_0643,-16.2013602941744
r_0644,-16.2013602941747
r_0645,-16.2013602941744
r_0646,-14.6842260426122
r_0647,-14.6842260426121
r_0648,-14.6842260426122
r_0649,-14.6842260426122
r_0650,-14.6842260426122
r_0651,-14.6842260426122
r_0652,-14.6842260426122
r_0653,-14.6842260426121
r_0654,-14.6842260426122
r_0655,-14.6842260426121
r_0656,-4.08445309164327
r_0657,-4.08445309164325
r_0658,3.90470562101618
r_0659,9.39199948982423
r_0661,9.86581276237399
r_0662,5.78840632921202
r_0663,-4.10922193804738
r_0664,-4.79069750556839
r_0665,10000000
r_0666,10000000
r_0667,0.660000323798727
r_0668,-2.97922124191962
r_0669,-8.8455682123348
r_0670,-13.2157725579399
r_0671,-100.912224078182
r_0672,-1.10546632207823
r_0673,-18.0445713552673
r_0674,-4.79066526314482
r_0675,3.20999994079107
r_0676,8.84552407818182
r_0678,-14.3954781972312
r_0679,-8.46286490677623
r_0680,-5.06315107031989
r_0681,0.899653284047304
r_0682,0.899754872431558
r_0683,0.899767238678365
r_0687,10000000
r_0688,-11.3055240781818
r_0689,-7.8970326702138
r_0690,10.3055240781818
r_0691,3.16961418263702
r_0692,-6.08708032811531
r_0693,-6.08704770089587
r_0694,-101.809699940791
r_0695,-21.8133065567339
r_0696,-10.6039571357914
r_0697,-10.7294864118266
r_0698,-86.5699999999999
r_0699,1.15863276774312
r_0700,1.15877154449329
r_0701,10000000
r_0702,10000000
r_0703,-3.63297830229658
r_0704,-3.63295841788408
r_0705,-3.63342322061408
r_0706,-3.63381190784804
r_0707,-3.63342322061405
r_0708,-3.63381190784804
r_0711,10000000
r_0712,10000000
r_0713,5.13861035020608
r_0714,5.82171216878098
r_0715,4.57113292425501
r_0716,-9.75657724608566
r_0717,-10.6168603461724
r_0718,1.70771610205341
r_0719,7.87529408376673
r_0721,10000000
r_0722,-1.6185118920738
r_0723,-0.890000000000043
r_0724,19.2805410921868
r_0725,18.6810299336295
r_0726,-8.59655179687479
r_0727,-6.39889891527571
r_0728,10000000
r_0729,10000000
r_0730,10000000
r_0731,-3.03453598742368
r_0732,2.45137390812113
r_0733,2.30014443472749
r_0734,5.75248088386304
r_0735,-16.0269853594961
r_0736,-14.5682219251238
r_0737,-14.5682226244602
r_0738,-14.5682226244602
r_0739,-7.78634629091232
r_0747,1.61827561538433
r_0748,1.61827561538445
r_0749,1.61827561538433
r_0750,1.6182756153845
r_0751,1.61827561538433
r_0752,1.6182756153845
r_0753,1.61827561538442
r_0754,1.6182756153845
r_0755,1.61827561538436
r_0756,1.61827561538448
r_0757,7.10932532974869
r_0758,-1.67647974055194
r_0759,5.53695921219156
r_0760,-4.28485107710532
r_0761,-1.58544990871074
r_0762,-0.903959189349502
r_0763,10000000
r_0764,-36.9884636211712
r_0765,-24.67131983046
r_0766,-26.6628632061618
r_0767,-3.68635320635808
r_0768,-14.3416972327776
r_0769,-15.2925366898609
r_0770,-461.429481147225
r_0771,-19.1854099349153
r_0772,-20.4952852244485
r_0773,-462.111149233394
r_0774,-10.0826497059894
r_0775,-10.5018782698997
r_0781,-5.11003261100487
r_0782,-3.41296738899507
r_0783,9.00438957811926
r_0784,7.03275933121066
r_0785,-4.19425547049048
r_0786,-9.14377103475442
r_0787,-8.88232959648936
r_0788,-11.3952623812926
r_0789,-16.9154863287043
r_0790,-16.9154863287043
r_0791,-15.8494482466935
r_0792,-16.9161206104487
r_0793,-12.7429909951646
r_0795,-1.45876343437226
r_0796,0
r_0797,-1.45876343437226
r_0798,-1.45876273503598
r_0799,-1.45876273503586
r_0800,-1.45876273503586
r_0801,-1.40566935073014
r_0802,-15.9569575912801
r_0803,-1.45876273503586
r_0804,-6.65357049971968
r_0805,-6.65357049971965
r_0806,-6.65356980038328
r_0807,-6.70666388402537
r_0810,-15.8494482466936
r_0811,-1.45876273503598
r_0812,-9.75745309164327
r_0813,10000000
r_0815,-3.89690727047341
r_0816,0.425888959506295
r_0817,-3.46367946385581
r_0818,9.80774545800244
r_0819,-4.72208737355587
r_0820,12.0043541060326
r_0821,-0.154584033798415
r_0831,-1.54739619118868
r_0832,-8.21503757434317
r_0841,7.65144296355314
r_0842,-16.0234524436609
r_0843,-18.9742978549348
r_0844,-7.40668947216871
r_0845,-7.40668947216869
r_0847,10000000
r_0848,-7.40668947216864
r_0849,-7.40668947216872
r_0850,-7.40693493866706
r_0851,-4.10918579229064
r_0852,10000000
r_0853,10000000
r_0854,-3.68954843411612
r_0855,19.3867346204045
r_0882,0.000619475947530645
r_0883,10000000
r_0884,-10.9825924642706
r_0885,-2.82939122623958
r_0886,-16.7319873673164
r_0887,-16.7158294159332
r_0888,0.00181828502536518
r_0889,6.91437938049023
r_0890,1.04027008659148
r_0891,5.83121247972355
r_0892,8.43527506831617
r_0893,0.0163898986933759
r_0902,-0.00181828502536518
r_0903,1.30574491575067
r_0904,8.69309678104207
r_0905,-27.4042926276089
r_0906,-1.96028941871279
r_0907,-0.00181828502536518
r_0908,-14.0920976686579
r_0909,1.29089240374625
r_0910,-31.8483130720546
r_0911,-8.02050786348343
r_0912,-20.1987925431716
r_0913,0.608575205253373
r_0914,-7.63631934897975
r_0915,-25.0811438975778
r_0916,-11.8329100091768
r_0917,10.0090654944847
r_0918,1.9721971359287
r_0919,10000000
r_0920,10000000
r_0921,2.59334714921648
r_0922,-99.4722240781819
r_0929,10000000
r_0935,-18.0842167663772
r_0936,-22.7286347779902
r_0937,-22.3416021669853
r_0938,-28.2795287197861
r_0939,-10.2469387746654
r_0940,10000000
r_0941,10000000
r_0942,10000000
r_0943,-10.7973805105295
r_0949,-20.4540273041714
r_0950,-20.5208106355948
r_0951,-9.50893419494201
r_0953,84.0173920546344
r_0954,-25.2871856082268
r_0955,-28.3088793946859
r_0956,-28.1508238098411
r_0957,10000000
r_0958,-2.75632937400658
r_0959,-3.03961424184601
r_0960,-8.35961418263709
r_0961,-8.13600000000011
r_0962,6.87007172421238
r_0963,-95.4406558332372
r_0964,-9.11155121888187
r_0965,10000000
r_0966,10000000
r_0967,10000000
r_0968,10000000
r_0969,-15.2251788239524
r_0970,10000000
r_0971,10000000
r_0972,10000000
r_0973,10000000
r_0974,10000000
r_0975,10000000
r_0976,10000000
r_0977,10000000
r_0978,10000000
r_0979,10000000
r_0982,-0.599200304823853
r_0983,-16.2606948389808
r_0984,0
r_0985,-4.66798569048564
r_0986,-19.486320595353
r_0987,-4.6171637012972
r_0988,19.7156929664685
r_0989,-20.4795154884573
r_0990,4.05357885234207
r_0992,-3.61399999999996
r_0993,10000000
r_0995,10000000
r_0996,-5.83574219713405
r_0997,-15.9942116412304
r_0998,10000000
r_0999,10000000
r_1000,10000000
r_1001,-10.0863205953531
r_1002,-10.4733532063581
r_1003,3.54757216973273
r_1004,7.96576338323926
r_1005,8.91998840375551
r_1006,-16.7916897602989
r_1007,-17.7459147808152
r_1008,0
r_1009,0
r_1010,-98.4306795591748
r_1011,-103.802224078182
r_1012,-55.7200825187039
r_1021,-448.190809210486
r_1022,2.97686202525512
r_1023,-5.51228092364379
r_1024,-3.113
r_1025,9.5239962192008
r_1026,21.9339677450699
r_1027,10000000
r_1028,-16.4335347124531
r_1029,-115.254905422008
r_1030,21.3005261547837
r_1031,-4.15839677551116
r_1032,10000000
r_1033,10000000
r_1034,10000000
r_1035,10000000
r_1036,10000000
r_1037,10000000
r_1038,10000000
r_1039,10000000
r_1040,3.20999994079107
r_1041,6.64752192095614
r_1042,10000000
r_1043,10000000
r_1045,-16.0210076258941
r_1046,-3.78182302371127
r_1047,-23.8660152078408
r_1048,-1.73599946923184
r_1049,2.06491268789
r_1050,-1.72020432452916
r_1051,7.11284558919681
r_1054,1.44529121875138
r_1055,-9.15800407891427
r_1056,-4.10921512968608
r_1057,10000000
r_1058,10000000
r_1063,4.10911998456073
r_1065,5.35795302418055
r_1066,10000000
r_1067,10000000
r_1068,-2.47513758742821
r_1069,10000000
r_1070,0
r_1071,0
r_1072,8.80315309394871
r_1073,7.99072256023715
r_1074,-11.239323897985
r_1075,-3.39928464154879
r_1076,-1.48629370570181
r_1077,-15.2251788239523
r_1078,-13.7664160889165
r_1079,8.80378632910643
r_1080,7.99280114701222
r_1081,10000000
r_1082,10000000
r_1083,10000000
r_1084,1.74795610076649
r_1085,-6.33999621071762
r_1086,-5.84919518867635
r_1087,-4.10919214662655
r_1088,-4.79068808374612
r_1089,10000000
r_1090,10000000
r_1091,-12.2149986860397
r_1092,3.40961418263707
r_1093,-9.78552407818181
r_1094,-15.2959785191285
r_1095,-11.947
r_1096,3.44539386852728
r_1097,-1.93516891667966
r_1098,-2.70923413868944
r_1099,-3.89223475565359e-05
r_1100,4.15126405505725
r_1101,-5.31065797989483
r_1102,-5.41977235586892
r_1103,6.09998218223939
r_1104,-3.78811485578868
r_1106,-1.945881118576
r_1107,-1.54813630567477
r_1108,-3.14274495550626
r_1109,-2.97827451148672
r_1110,-4.09930256509062
r_1111,2.90837271718683
r_1112,-4.15229816148098
r_1113,2.55490524628835
r_1114,1.04589215011357
r_1115,-0.803105221837441
r_1116,2.31348803336667
r_1118,-0.00120494008527317
r_1119,0.114466210661099
r_1120,-7.46368286570487e-05
r_1121,-98.5010386784564
r_1122,-103.136381664402
r_1123,-98.5010386784564
r_1124,-103.136381664402
r_1125,-2.97827451148671
r_1126,4.15090400884176
r_1127,-0.00451693653912244
r_1128,-6.5852267681521e-05
r_1129,11.7738465181933
r_1130,-1.31329577280462
r_1131,-6.14594385897306
r_1132,-1.59461451148674
r_1133,-3.14274495550628
r_1134,-1.78813081698918
r_1135,-1.78813081698918
r_1136,-1.91814938586922
r_1137,-0.681541171011157
r_1138,0.000126874671860122
r_1139,-1.78813081698918
r_1146,8.90175591476759
r_1147,8.51472330376271
r_1148,8.5147174421075
r_1149,-0.0290399998276669
r_1151,-3.2840458518288
r_1161,8.90175591476759
r_1162,8.90175005311232
r_1164,5.36629710664219
r_1165,-0.92474526373185
r_1166,2.32220152768454
r_1167,0.817254069908024
r_1168,-0.999217984126332
r_1169,4.67344305519675
r_1170,3.8703319717041
r_1171,-2.56219603899895
r_1172,-1.54813630567477
r_1173,-3.14274495550628
r_1174,-8.12768517219507
r_1175,-0.733351634789076
r_1176,-3.14274495550627
r_1177,-1.78813081698918
r_1178,-17.9130470680514
r_1179,-12.2589410445528
r_1180,-2.70923413868944
r_1181,-2.32220152768454
r_1182,7.74133984821018
r_1183,-2.7557123445014
r_1184,-2.78475820598426
r_1185,-3.84079764116628
r_1186,-2.56219603899896
r_1187,-2.67969980815161
r_1188,0.416561762072433
r_1189,-2.0222379754096
r_1190,-4.77176618095773
r_1191,-0.124342156147613
r_1192,-2.75571234450139
r_1193,1.1906269840822
r_1194,3.46951597641683
r_1195,-1.67548015603905
r_1196,-4.77198770933731
r_1197,-3.06673241915651
r_1198,0.803594373077303
r_1199,-2.17516342799407
r_1200,-2.87321611365406
r_1201,-2.36867973349651
r_1202,2.51571231262423
r_1203,-3.64728133566382
r_1204,1.38414328958465
r_1205,-1.59461451148675
r_1206,4.15110691515727
r_1207,-1.91814938586922
r_1208,0.998081269767461
r_1209,-2.12965029280705
r_1210,-0.133487753272128
r_1211,-4.69303411531861
r_1212,-3.84079764116628
r_1213,-2.78475820598428
r_1214,-1.98164712249163
r_1215,-1.98164712249163
r_1216,10000000
r_1217,-2.75571234450139
r_1218,-2.36867973349651
r_1219,-1.78813081698917
r_1220,2.12867970161935
r_1221,-3.26024872465894
r_1222,0.997110678579761
r_1223,-1.98164712249163
r_1224,-1.98164712249163
r_1225,9.67582113677742
r_1226,-0.0829797790380891
r_1227,0.147032238035258
r_1228,-5.43779395117144
r_1229,4.04854745283956e-08
r_1230,-3.48951635763353
r_1231,-3.4890711347212
r_1232,-8.32128349385862
r_1235,1.96421477816256
r_1236,-6.57714765391131
r_1237,-0.68166812665387
r_1238,-3.17179081698919
r_1239,3.46935358906528
r_1241,0.294996605585076
r_1242,7.74133956413636
r_1243,-2.32220152768455
r_1244,0.613551430689895
r_1245,3.55376710050978
r_1249,10000000
r_1250,0.832151083320355
r_1251,3.27818126135335
r_1252,-3.06673241915649
r_1253,-1.98164712249163
r_1254,-2.33963387201359
r_1255,-3.00732037296962
r_1256,-8.30195995951458
r_1257,-2.9782745114867
r_1258,10000000
r_1259,1.63526216681299
r_1260,2.47507017786074
r_1261,-3.64728133566386
r_1262,1.28492648336314
r_1263,-3.84079764116627
r_1264,-0.0791311467083275
r_1265,0.00514213455611667
r_1266,1.99326063964547
r_1267,-0.765799126274288
r_1268,-1.35462000017234
r_1269,10000000
r_1270,10000000
r_1271,-3.48366939995338
r_1272,-3.33626126100872
r_1273,-7.44659360568245
r_1274,-1.78813081698917
r_1275,10000000
r_1276,-6.14551713076162
r_1277,0
r_1278,119.973589027299
r_1449,10000000
r_1450,10000000
r_1451,10000000
r_1452,10000000
r_1453,10000000
r_1454,10000000
r_1455,10000000
r_1456,10000000
r_1457,10000000
r_1458,10000000
r_1479,10000000
r_1480,10000000
r_1481,10000000
r_1482,10000000
r_1483,10000000
r_1484,10000000
r_1485,10000000
r_1486,10000000
r_1487,10000000
r_1488,10000000
r_1509,10000000
r_1510,10000000
r_1511,10000000
r_1512,10000000
r_1513,10000000
r_1514,10000000
r_1515,10000000
r_1516,10000000
r_1517,10000000
r_1518,10000000
r_1542,10000000
r_1543,10000000
r_1545,10000000
r_1546,10000000
r_1547,10000000
r_1548,10000000
r_1549,10000000
r_1550,10000000
r_1551,10000000
r_1552,10000000
r_1553,10000000
r_1554,10000000
r_1560,5.96435863350584
r_1562,-1.61384433412485
r_1563,10000000
r_1564,10000000
r_1565,10000000
r_1566,10000000
r_1567,12.4779577476703
r_1568,4.15101746076581
r_1572,10000000
r_1573,-4.86028969724498
r_1574,8.30600733917863
r_1575,-2.32220152768454
r_1576,4.04854318958314e-08
r_1577,10000000
r_1578,-1.93516891667966
r_1579,4.04854176849767e-08
r_1580,10000000
r_1581,10000000
r_1582,-1.54813630567477
r_1583,4.04854247904041e-08
r_1585,4.15101262721944
r_1586,10000000
r_1587,0.691510077892464
r_1588,2.80954264944218
r_1589,10000000
r_1590,1.93516891667966
r_1591,-4.04854176849767e-08
r_1595,8.30207744230026
r_1596,4.15104975154849
r_1597,2.9509767391559
r_1598,10000000
r_1599,-1.93516891667966
r_1600,4.04854176849767e-08
r_1601,4.15145127053836
r_1603,10000000
r_1604,10000000
r_1605,-2.62357129884839
r_1606,4.15221802201912
r_1607,-4.1509799595146
r_1608,-0.680955069815785
r_1609,8.30198343640099
r_1610,2.62884591748502e-05
r_1611,4.15148494781806
r_1613,8.10936151493382
r_1614,8.09638978345384
r_1615,7.1134788243545
r_1616,7.1134788243545
r_1617,7.11347882435447
r_1618,7.11347882435444
r_1619,7.11284558919681
r_1620,8.13534771844945
r_1621,10000000
r_1622,-0.681431801108939
r_1623,-29.9583948946055
r_1624,-10.1322859968764
r_1625,10000000
r_1627,10000000
r_1628,-3.10085199285578
r_1629,10000000
r_1630,10000000
r_1631,10000000
r_1632,-4.04854247904041e-08
r_1633,0.774071083665001
r_1634,10000000
r_1635,-0.0420997185381162
r_1637,-2.49123380412269
r_1638,4.53841502384723
r_1639,10000000
r_1640,4.04854105795494e-08
r_1641,10000000
r_1642,11.7790672152014
r_1643,10000000
r_1644,-0.811360400546325
r_1645,2.29895153188471
r_1647,9.11437496498024e-05
r_1648,10000000
r_1649,10000000
r_1650,10000000
r_1651,10000000
r_1652,0.466611950408691
r_1654,10000000
r_1656,1.2741966557763
r_1657,-8.98362804568301
r_1658,4.04854247904041e-08
r_1659,0.38838440550478
r_1660,0.80684130590932
r_1661,3.57127642673072
r_1663,10000000
r_1664,-1.92508467527836
r_1665,-0.856540293442769
r_1667,-1.2434831206907
r_1668,1.85189741785081
r_1669,0.345825216243052
r_1671,10000000
r_1672,10000000
r_1673,-4.15128648003592
r_1674,0.387128543811315
r_1675,-0.465498630847815
r_1676,98.5010386784564
r_1677,98.5010386784564
r_1678,98.5010386784564
r_1679,103.136381664402
r_1680,103.136381664402
r_1681,103.136381664402
r_1682,-113.500020654562
r_1683,10000000
r_1684,2.51571197153177
r_1685,-35.3435696167112
r_1686,4.2804527540576
r_1687,10000000
r_1688,-5.31870857400918e-05
r_1689,-0.773540339732705
r_1690,-0.732366764842311
r_1691,2.18506102100946e-08
r_1694,0
r_1695,5.54730945623305e-08
r_1696,4.04854176849767e-08
r_1697,-5.86165523941418e-06
r_1698,5.60118090013839
r_1699,-2.1042011931178
r_1700,4.73174013771023
r_1702,10000000
r_1703,8.80378737569319
r_1704,8.80378737569325
r_1705,10000000
r_1706,10000000
r_1707,1.93516891667967
r_1708,8.33550869575588
r_1709,10000000
r_1710,10000000
r_1711,10000000
r_1712,10000000
r_1713,1.91383665970573
r_1714,10000000
r_1715,10000000
r_1716,10000000
r_1717,2.70923413868945
r_1718,10000000
r_1719,1.93516891667967
r_1720,-0.811360400546325
r_1721,-0.465498630847815
r_1722,-12.0196773559326
r_1723,-12.0196773559328
r_1724,-10.6140080052025
r_1725,3.93728023534739
r_1726,-2.36343528023308
r_1727,10000000
r_1728,1.13205783318701
r_1729,3.26995741505709
r_1730,10000000
r_1731,2.51571783318698
r_1732,2.515717833187
r_1733,-1.80154703228524
r_1734,-15.22581205911
r_1735,2.32220152768454
r_1736,-18.9684351010649
r_1737,-0.46550794009526
r_1738,-0.307973035687148
r_1739,-4.14625537334337
r_1743,7.796012201564
r_1744,-17.4584608213134
r_1745,3.74031500059196
r_1746,-8.31963185525488
r_1747,1.52793509958801
r_1748,4.06868855907641
r_1749,10000000
r_1750,4.05251816960071
r_1751,-0.271991634592819
r_1752,-0.73329315895425
r_1753,10000000
r_1754,3.32433903837767
r_1757,10000000
r_1758,-3.48264089630749
r_1759,0
r_1761,10000000
r_1762,-1.16110369466989
r_1763,4.04854265667609e-08
r_1764,10000000
r_1765,10000000
r_1766,7.7413395641363
r_1770,-3.4808867658722
r_1771,-4.25495198788201
r_1772,-5.02901720989178
r_1774,-5.80308243190152
r_1775,-5.41581828297285
r_1776,-2.7050538296607
r_1777,6.78964648281271
r_1788,10000000
r_1790,10000000
r_1791,10000000
r_1792,10000000
r_1793,10000000
r_1794,-4.15137203628024
r_1795,1.48419309258635
r_1796,2.47281662294589
r_1797,-16.7355076267644
r_1798,10000000
r_1800,10000000
r_1801,1.01524479496419
r_1802,-0.46550794009526
r_1803,-2.79118454794221
r_1805,-2.3221960071218
r_1806,10000000
r_1807,10000000
r_1808,10000000
r_1809,8.33700061498455
r_1810,10000000
r_1811,4.04854247904041e-08
r_1812,4.04854283431177e-08
r_1813,0.774071083664996
r_1814,10000000
r_1815,10000000
r_1816,-1.38366586165525
r_1817,5.54730963386874e-08
r_1818,10000000
r_1819,4.04854105795494e-08
r_1820,10000000
r_1821,-15.2251788239524
r_1822,4.04854390012588e-08
r_1823,2.51571783318698
r_1824,-4.11033234467372
r_1825,0
r_1826,0.88616851201896
r_1827,0
r_1829,-0.345915
r_1830,-1.63600340680423
r_1831,1.1315690230396
r_1832,10000000
r_1833,9.55872734838485
r_1834,10000000
r_1835,7.5637117048225
r_1836,7.20274095641737
r_1837,4.04854247904041e-08
r_1838,-10.7835505107607
r_1839,-0.387032611004887
r_1840,15.923625655756
r_1841,10000000
r_1842,0.752624287945824
r_1843,10000000
r_1844,4.0485403474122e-08
r_1845,-1.74165261117723
r_1846,4.15194144381907
r_1847,10000000
r_1848,0.938541527684542
r_1849,6.46380485058819
r_1850,-30.5937845751218
r_1851,110.08939614332
r_1852,110.08939614332
r_1853,110.08939614332
r_1854,110.08939614332
r_1855,110.08939614332
r_1856,114.724739129265
r_1857,114.724739129265
r_1858,114.724739129265
r_1859,114.724739129265
r_1860,114.724739129265
r_1861,10000000
r_1862,10000000
r_1863,-2.32220152768454
r_1864,4.04854318958314e-08
r_1865,10000000
r_1866,10000000
r_1867,10000000
r_1868,-1.93516891667966
r_1869,4.04854247904041e-08
r_1870,10000000
r_1871,16.939105033189
r_1872,-3.07664685285091
r_1873,10000000
r_1874,-4.04854265667609e-08
r_1875,10000000
r_1876,2.32220152768456
r_1877,1.93516891667967
r_1878,10000000
r_1879,10000000
r_1880,10000000
r_1881,10000000
r_1882,0.681334377523612
r_1883,10000000
r_1884,3.46935656943266
r_1885,-2.2165022333039
r_1886,10000000
r_1887,-14.4573858765719
r_1889,10000000
r_1890,-0.235436953016721
r_1891,10000000
r_1892,-1.93516305502443
r_1893,10000000
r_1895,1.74165261117722
r_1896,10000000
r_1897,10000000
r_1898,-4.04854390012588e-08
r_1899,10000000
r_1900,10000000
r_1901,3.27615459985087
r_1902,10000000
r_1903,10000000
r_1904,10000000
r_1905,10000000
r_1906,10000000
r_1907,0.554056524605116
r_1908,2.70923413868945
r_1909,10000000
r_1910,2.32220152768457
r_1911,10000000
r_1912,10000000
r_1913,10000000
r_1914,10000000
r_1915,10000000
r_1916,10000000
r_1919,-4.15097995951458
r_1920,133.266111073047
r_1921,133.266111073047
r_1922,133.266111073047
r_1923,133.266111073047
r_1924,133.266111073047
r_1925,137.901454058992
r_1926,137.901454058992
r_1927,137.901454058992
r_1928,137.901454058992
r_1929,137.901454058992
r_1930,0.385424162278266
r_1931,10000000
r_1932,10000000
r_1935,-4.04854247904041e-08
r_1936,-1.40597275503748
r_1937,121.677753608183
r_1938,121.677753608183
r_1939,121.677753608183
r_1940,121.677753608183
r_1941,121.677753608183
r_1942,126.313096594128
r_1943,126.313096594128
r_1944,126.313096594128
r_1945,126.313096594128
r_1946,126.313096594128
r_1947,10000000
r_1952,10000000
r_1963,4.97639755881289
r_1964,5.13469941674282
r_1965,-4.15097995951457
r_1966,-1.16109783301466
r_1967,10000000
r_1968,10000000
r_1970,-1.46337654764402
r_1971,-3.35688163675044
r_1972,2.09507288871885
r_1974,-16.9161195638619
r_1975,-6.65357049971962
r_1976,-0.681409014352262
r_1977,2.18506217564141e-08
r_1978,4.04854247904041e-08
r_1979,5.86165522742377e-06
r_1980,5.54731030000255e-08
r_1981,8.33777692683232
r_1984,10000000
r_1987,10000000
r_1988,-2.40231968026922
r_1989,10000000
r_1990,-0.316526768609819
r_1991,10000000
r_1992,10000000
r_1993,10000000
r_1994,10000000
r_1995,10000000
r_1996,8.36682377383828
r_1997,8.4928628082169
r_1998,3.5387679414825
r_1999,10000000
r_2000,10000000
r_2001,10000000
r_2002,-1.54813630567477
r_2003,4.04854176849767e-08
r_2004,4.04854247904041e-08
r_2005,10000000
r_2008,-0.445765664432564
r_2020,10000000
r_2022,10000000
r_2023,15.9635481937928
r_2024,10000000
r_2025,-15.4487786198834
r_2026,-6.14753497747759
r_2027,-1.96479825727795
r_2028,10000000
r_2029,-15.2907230350386
r_2030,7.13584210025971
r_2031,-7.84402730417143
r_2032,12.0652515933956
r_2033,10000000
r_2034,-0.681668045683017
r_2036,8.30295816496374
r_2037,10000000
r_2038,10000000
r_2039,10000000
r_2040,10000000
r_2041,1.93516891667967
r_2042,-4.15097995951458
r_2043,10000000
r_2044,10000000
r_2045,4.04854247904041e-08
r_2046,10000000
r_2049,10000000
r_2050,-4.53328798434822
r_2051,10000000
r_2052,10000000
r_2053,3.95754647009699
r_2054,-3.95754647009699
r_2055,10000000
r_2056,10000000
r_2057,3.82742032554968
r_2058,10000000
r_2060,10000000
r_2061,10000000
r_2062,10000000
r_2063,10000000
r_2064,10000000
r_2065,10000000
r_2066,10000000
r_2067,10000000
r_2068,10000000
r_2069,10000000
r_2070,10000000
r_2071,10000000
r_2072,4.04854283431177e-08
r_2073,10000000
r_2074,-15.22581205911
r_2075,2.70923413868944
r_2079,-0.147032238035258
r_2080,-4.25735906214624
r_2082,4.04854318958314e-08
r_2083,10000000
r_2084,-2.12868522218213
r_2085,4.0485403474122e-08
r_2086,4.04854283431177e-08
r_2087,-2.12867930505377
r_2089,-0.731847807336901
r_2090,10000000
r_2091,10000000
r_2092,10000000
r_2093,4.04854283431177e-08
r_2094,0.158301879780481
r_2095,0
r_2096,0
r_2097,0
r_2098,0
r_2099,0
r_2100,10000000
r_2101,0.661239885388513
r_2102,10000000
r_2103,0.938541527684549
r_2104,10000000
r_2105,2.32220152768456
r_2106,10000000
r_2107,8.5147174421075
r_2108,10000000
r_2111,10000000
r_2112,10000000
r_2113,10000000
r_2114,-28.103046162912
r_2115,-5.37961418263706
r_2116,-12.7948388497973
r_2117,-6.58077298965054e-05
r_2118,-2.93373954320941e-05
r_2119,0
r_2125,0
r_2126,10000000
r_2129,-4.83264808616843
r_2131,10.0722836027295
r_2132,0.0013941526392216
r_2134,10000000
r_2136,9.28878852577247
r_2137,10000000
r_2139,8.12769069275782
r_2140,10000000
r_2141,-193.722694074394
r_2142,10000000
r_2143,10000000
r_2144,10000000
r_2145,10000000
r_2146,10000000
r_2147,10000000
r_2148,10000000
r_2149,10000000
r_2150,10000000
r_2151,10000000
r_2152,10000000
r_2153,10000000
r_2154,2.44203055780332
r_2155,2.44203055780343
r_2156,10000000
r_2157,10000000
r_2158,2.44203055780355
r_2159,2.44203055780343
r_2160,10000000
r_2161,-8.84552407818188
r_2162,-8.845524078182
r_2163,-8.84552407818188
r_2164,10000000
r_2165,-8.84552407818198
r_2166,-8.84552407818187
r_2167,-8.84552407818182
r_2168,2.16299996264169
r_2169,2.16299996264181
r_2170,2.16299996264171
r_2171,10000000
r_2172,12.8647830989608
r_2173,2.1629999626417
r_2174,2.16299996264159
r_2175,-21.6355240781819
r_2176,10000000
r_2177,-21.6355240781819
r_2178,-32.3373072145009
r_2179,-32.337307214501
r_2180,10000000
r_2181,-21.6355240781818
r_2182,10000000
r_2183,-90.3876795965329
r_2184,4.64211159861983
r_2185,5.24151603879314
r_2186,6.01558126080293
r_2187,10000000
r_2188,10000000
r_2189,10000000
r_2190,2.89448650445421
r_2191,3.78997265496478
r_2192,7.97680617842708
r_2193,10000000
r_2194,-17.8700217929859
r_2195,-17.8700217929859
r_2196,10000000
r_2197,-17.8697024451757
r_2198,-17.8700217929858
r_2199,-17.8697024451757
r_2200,-17.6451085530938
r_2201,-17.645108553094
r_2202,10000000
r_2203,-17.6448449110689
r_2204,-17.6451085530939
r_2205,-17.6448449110688
r_2206,-18.4330361159429
r_2207,-18.4330682200442
r_2208,-18.4330361159431
r_2209,-17.8186877255175
r_2210,-17.8186877255176
r_2211,10000000
r_2212,-17.8186877255176
r_2213,-17.870021792986
r_2214,10000000
r_2215,-17.8700217929859
r_2216,-17.6451085530939
r_2217,10000000
r_2218,-17.6451085530939
r_2219,-17.1014320935195
r_2220,-17.8754973155293
r_2221,10000000
r_2222,-18.2625299265341
r_2223,-19.4236277595488
r_2224,-19.0365951485439
r_2225,-20.1976929815587
r_2226,-20.9717582035683
r_2227,10000000
r_2228,-22.5198886475879
r_2229,-1.15890236581761
r_2230,-1.93184410826087
r_2231,-6.18988350498256
r_2232,-7.40666019136256
r_2233,-7.40681603880557
r_2234,-7.40672157626997
r_2235,-7.40672157626977
r_2236,-15.1597
r_2237,-15.1597
r_2238,-15.1597000000001
r_2239,-4.45791686368092
r_2240,-4.45791686368081
r_2241,10000000
r_2242,-13.6097000000001
r_2243,-25.8614831363191
r_2244,-15.1597000000002
r_2245,10000000
r_2246,-15.1597000000001
r_2247,-4.45791686368092
r_2248,-2.16299999626435
r_2249,-2.16299999626429
r_2250,-2.16299999626418
r_2251,-2.1629999962643
r_2252,-2.16299999626408
r_2253,-2.16299999626418
r_2254,-2.16299999626415
r_2255,-2.16299999626426
r_2256,-2.16299999626415
r_2257,10000000
r_2258,-12.8647831325833
r_2259,-2.16299999626419
r_2260,6.98878314005499
r_2261,8.53878314005485
r_2262,-2.16299999626395
r_2263,10000000
r_2264,-2.16299999626408
r_2265,-12.8647831325832
r_2266,2.11064338683781
r_2267,2.11064338683781
r_2268,2.11064338683781
r_2269,2.11064338683758
r_2270,2.11064338683781
r_2271,2.11064338683775
r_2272,2.11064338683786
r_2273,2.11064338683775
r_2274,10000000
r_2275,2.11064338683781
r_2276,2.11064338683769
r_2277,10000000
r_2278,2.11064338683781
r_2279,2.11064338683758
r_2280,10000000
r_2281,12.8124265231567
r_2282,12.8124265231568
r_2283,-7.0560000000001
r_2284,-7.0560000000001
r_2285,-7.05600000000004
r_2286,10000000
r_2287,-7.05600000000015
r_2288,-7.05600000000004
r_2289,10000000
r_2290,-7.05599999999993
r_2291,-7.05599999999993
r_2292,10000000
r_2293,-17.7577831363192
r_2294,-17.7577831363191
r_2295,-12.2517831363191
r_2296,-13.971783136319
r_2297,-12.2517831363191
r_2298,-1.54999999999995
r_2299,-13.971783136319
r_2300,-1.54999999999995
r_2301,4.81999999999994
r_2302,-1.55000000000007
r_2303,-12.4837409418626
r_2304,-16.8155240781819
r_2305,-0.0549805448002587
r_2308,10000000
r_2309,-3.61399999999995
r_2310,-3.61399999999995
r_2311,-3.614
r_2312,10000000
r_2313,10000000
r_2314,-3.61399999999997
r_2315,-3.61399999999997
r_2316,10000000
r_2317,-3.61399999999994
r_2318,-3.61400000000006
r_2319,-3.614
r_2320,10000000
r_2321,10000000
r_2322,-3.61400000000003
r_2323,-3.61400000000003
r_2324,-8.90127957748232
r_2325,10000000
r_2326,-8.90127957748232
r_2327,-8.90127957748238
r_2328,-8.87147261459313
r_2329,10000000
r_2330,-8.87147261459313
r_2331,-8.87147261459307
r_2332,-3.57584178804768
r_2333,-3.57584178804768
r_2334,-3.57584178804757
r_2335,-3.57584178804768
r_2336,-3.57584178804768
r_2337,-3.57584178804768
r_2338,-3.57584178804757
r_2339,-3.57584178804768
r_2340,-3.59610020741894
r_2341,-3.59610020741906
r_2342,-3.59610020741906
r_2343,-3.59610020741911
r_2344,7.0253790476562
r_2345,7.02537904765609
r_2346,7.02537904765609
r_2347,7.02537904765609
r_2348,7.02537904765609
r_2349,7.02537904765609
r_2350,7.02537904765609
r_2351,7.02537904765632
r_2352,6.59624355409238
r_2353,6.59624355409238
r_2354,6.59624355409238
r_2355,6.59624355409227
r_2356,6.59624355409238
r_2357,6.59624355409233
r_2358,6.59624355409227
r_2359,6.59624355409244
r_2360,6.66594225183002
r_2361,6.6659422518299
r_2362,6.6659422518299
r_2363,6.6659422518299
r_2364,6.6659422518299
r_2365,6.66594225182996
r_2366,6.6659422518299
r_2367,6.66594225183007
r_2368,10000000
r_2369,10000000
r_2370,10000000
r_2371,10000000
r_2372,10000000
r_2373,10000000
r_2374,10000000
r_2375,10000000
r_2376,-3.61399999999992
r_2377,-3.61399999999992
r_2378,-3.61399999999981
r_2379,-3.61399999999992
r_2380,-3.61399999999992
r_2381,-3.61399999999992
r_2382,-3.61399999999992
r_2383,-3.61400000000015
r_2384,-3.61400000000003
r_2385,-3.61399999999992
r_2386,-3.61399999999992
r_2387,-3.61399999999992
r_2388,-3.61399999999992
r_2389,-3.61400000000003
r_2390,-3.61399999999992
r_2391,-3.61399999999992
r_2392,-3.61399999999992
r_2393,-3.61399999999992
r_2394,-3.61399999999992
r_2395,-3.61400000000015
r_2396,-3.61399999999992
r_2397,-3.61399999999992
r_2398,-3.61400000000015
r_2399,-3.61399999999992
r_2400,10000000
r_2401,10000000
r_2402,10000000
r_2403,10000000
r_2404,10000000
r_2405,10000000
r_2406,10000000
r_2407,10000000
r_2408,-3.61400000000015
r_2409,-3.61400000000003
r_2410,-3.61399999999992
r_2411,-3.61400000000003
r_2412,-3.61400000000003
r_2413,-3.61399999999992
r_2414,-3.61400000000003
r_2415,-3.61400000000015
r_2416,-3.61400000000015
r_2417,-3.61400000000015
r_2418,-3.61400000000003
r_2419,-3.61400000000003
r_2420,-3.61400000000015
r_2421,-3.61399999999981
r_2422,-3.61400000000003
r_2423,-3.61400000000015
r_2424,-3.61400000000003
r_2425,-3.61400000000003
r_2426,-3.61400000000003
r_2427,-3.61400000000015
r_2428,-3.61400000000003
r_2429,-3.61400000000003
r_2430,-3.61400000000015
r_2431,-3.61400000000003
r_2432,1.10820541575359
r_2433,1.10820541575359
r_2434,1.10820541575359
r_2435,1.10820541575359
r_2436,1.10820541575359
r_2437,1.10820541575359
r_2438,1.10820541575359
r_2439,1.10820541575382
r_2440,1.95755025775645
r_2441,1.95755025775645
r_2442,1.95755025775645
r_2443,1.95755025775645
r_2444,1.95755025775645
r_2445,1.95755025775645
r_2446,-14.3803147167412
r_2447,-14.3803147167412
r_2448,-14.3803147167411
r_2449,-14.3803147167411
r_2450,-14.3803147167411
r_2451,-14.3803147167411
r_2452,-14.3803147167412
r_2453,-14.3803147167413
r_2454,-14.3803147167411
r_2455,-14.3803147167413
r_2456,-14.3803147167411
r_2457,-14.3803147167412
r_2458,-14.3803147167411
r_2459,-14.3803147167412
r_2460,-14.3803147167411
r_2461,-14.3803147167413
r_2462,-3.61399999999995
r_2463,-3.61399999999984
r_2464,-2.00794611519211
r_2465,-2.00794611519223
r_2466,-2.00794611519223
r_2467,-2.00794611519217
r_2468,-2.00794611519223
r_2469,-2.00794611519217
r_2470,-2.00794611519211
r_2471,-2.00794611519211
r_2472,-3.96281557013737
r_2473,-3.96281557013748
r_2474,-3.96281557013759
r_2475,-3.96281557013742
r_2476,-3.96281557013759
r_2477,-3.96281557013742
r_2478,-3.96281557013748
r_2479,-3.96281557013742
r_2480,-4.20821621698286
r_2481,-4.20821621698298
r_2482,-4.20821621698298
r_2483,-4.20821621698292
r_2484,-4.20821621698298
r_2485,-4.20821621698292
r_2486,-4.20821621698298
r_2487,-4.20821621698292
r_2488,-10.7460204408255
r_2489,-10.7460204408252
r_2490,-10.7460204408254
r_2491,-10.7460204408254
r_2492,-10.7460204408254
r_2493,-10.7460204408254
r_2494,-10.7460204408254
r_2495,-10.7460204408254
r_2496,-13.3960204408254
r_2497,-13.3960204408255
r_2498,-13.3960204408254
r_2499,-13.3960204408253
r_2500,-13.3960204408254
r_2501,-13.3960204408253
r_2502,-13.3960204408255
r_2503,-13.3960204408254
r_2504,22.9539795591746
r_2505,22.9539795591746
r_2506,22.9539795591746
r_2507,22.9539795591746
r_2508,22.9539795591746
r_2509,22.9539795591746
r_2510,22.9539795591747
r_2511,22.9539795591746
r_2512,-14.3925728412131
r_2513,-14.392572841213
r_2514,-14.392572841213
r_2515,-14.392572841213
r_2516,-14.392572841213
r_2517,-14.392572841213
r_2518,-14.392572841213
r_2519,-14.3925728412132
r_2520,-8.91333801329705
r_2521,-8.91333801329716
r_2522,-8.91333801329705
r_2523,-8.91333801329705
r_2524,-8.91333801329705
r_2525,-8.91333801329705
r_2526,-8.91333801329705
r_2527,-8.91333801329716
r_2528,-8.91333801329711
r_2529,-8.91333801329711
r_2530,-8.91333801329694
r_2531,-8.91333801329694
r_2532,-8.91333801329694
r_2533,-8.91333801329694
r_2534,-8.91333801329694
r_2535,-8.91333801329716
r_2536,-15.8872035805047
r_2537,-15.8872035805047
r_2538,-15.8872035805046
r_2539,-15.8872035805048
r_2540,-15.8872035805046
r_2541,-15.8872035805048
r_2542,7.95239363147499
r_2543,7.95239363147493
r_2544,7.95239363147493
r_2545,7.95239363147505
r_2546,7.95239363147493
r_2547,7.95239363147505
r_2548,-15.508232972311
r_2549,-15.5082329723109
r_2550,-15.508232972311
r_2551,-15.5082329723109
r_2552,-15.508232972311
r_2553,-15.5082329723109
r_2554,-15.5082329723109
r_2555,-15.5082329723108
r_2556,-15.5082329723111
r_2557,-15.5082329723111
r_2558,-15.5082329723111
r_2559,-15.5082329723111
r_2560,-15.508232972311
r_2561,-15.5082329723109
r_2562,-15.5082329723108
r_2563,-15.5082329723111
r_2564,-15.5082329723108
r_2565,-15.5082329723111
r_2566,-15.5082329723111
r_2567,-15.5082329723111
r_2568,-15.5082329723111
r_2569,-15.5082329723111
r_2570,-15.5082329723111
r_2571,-15.5082329723111
r_2572,-15.508232972311
r_2573,-15.5082329723109
r_2574,-15.5082329723108
r_2575,-15.5082329723111
r_2576,-15.5082329723108
r_2577,-15.5082329723111
r_2578,-15.5082329723111
r_2579,-15.5082329723111
r_2580,-15.5082329723111
r_2581,-15.5082329723111
r_2582,-15.5082329723111
r_2583,-15.5082329723111
r_2584,-3.22592159234216
r_2585,-3.22592159234216
r_2586,-3.22592159234216
r_2587,-3.22592159234216
r_2588,-3.22592159234216
r_2589,-3.22592159234216
r_2590,-3.22592159234227
r_2591,-3.22592159234205
r_2592,-3.22592159234227
r_2593,-3.22592159234205
r_2594,-3.22592159234227
r_2595,-3.22592159234205
r_2596,-3.22592159234216
r_2597,-3.22592159234216
r_2598,-3.22592159234239
r_2599,-3.22592159234227
r_2600,-3.22592159234239
r_2601,-3.22592159234227
r_2602,-3.22592159234216
r_2603,-3.22592159234227
r_2604,-3.22592159234216
r_2605,-3.22592159234216
r_2606,-3.22592159234205
r_2607,-3.22592159234216
r_2608,-3.22592159234216
r_2609,-3.22592159234227
r_2610,-3.22592159234239
r_2611,-3.22592159234216
r_2612,-3.22592159234205
r_2613,-3.22592159234227
r_2614,-3.22592159234216
r_2615,-3.22592159234227
r_2616,-3.22592159234239
r_2617,-3.22592159234216
r_2618,-3.22592159234205
r_2619,-3.22592159234227
r_2620,-2.8421709430404e-14
r_2621,5.6843418860808e-14
r_2622,1.13686837721616e-13
r_2623,1.13686837721616e-13
r_2624,0
r_2625,-2.27373675443232e-13
r_2626,-1.13686837721616e-13
r_2627,1.13686837721616e-13
r_2628,-2.8421709430404e-14
r_2629,5.6843418860808e-14
r_2630,1.13686837721616e-13
r_2631,1.13686837721616e-13
r_2632,-3.41060513164848e-13
r_2633,-4.54747350886464e-13
r_2634,-4.54747350886464e-13
r_2635,-2.27373675443232e-13
r_2636,-2.55795384873636e-13
r_2637,-1.70530256582424e-13
r_2638,-1.13686837721616e-13
r_2639,-1.13686837721616e-13
r_2640,-2.27373675443232e-13
r_2641,-4.54747350886464e-13
r_2642,-3.41060513164848e-13
r_2643,-1.13686837721616e-13
r_2644,-3.69482222595252e-13
r_2645,-2.8421709430404e-13
r_2646,-2.27373675443232e-13
r_2647,-2.27373675443232e-13
r_2648,-1.13686837721616e-13
r_2649,-2.27373675443232e-13
r_2650,-2.27373675443232e-13
r_2651,0
r_2652,-2.55795384873636e-13
r_2653,-1.70530256582424e-13
r_2654,-1.13686837721616e-13
r_2655,-1.13686837721616e-13
r_2656,-2.27373675443232e-13
r_2657,-4.54747350886464e-13
r_2658,-3.41060513164848e-13
r_2659,-1.13686837721616e-13
r_2660,-3.69482222595252e-13
r_2661,-2.8421709430404e-13
r_2662,-2.27373675443232e-13
r_2663,-2.27373675443232e-13
r_2664,-1.13686837721616e-13
r_2665,-2.27373675443232e-13
r_2666,-2.27373675443232e-13
r_2667,0
r_2668,-2.55795384873636e-13
r_2669,-1.70530256582424e-13
r_2670,-1.13686837721616e-13
r_2671,-1.13686837721616e-13
r_2672,-2.27373675443232e-13
r_2673,-4.54747350886464e-13
r_2674,-3.41060513164848e-13
r_2675,-1.13686837721616e-13
r_2676,-3.69482222595252e-13
r_2677,-2.8421709430404e-13
r_2678,-2.27373675443232e-13
r_2679,-2.27373675443232e-13
r_2680,-1.13686837721616e-13
r_2681,-2.27373675443232e-13
r_2682,-2.27373675443232e-13
r_2683,0
r_2684,-1.98951966012828e-13
r_2685,-1.13686837721616e-13
r_2686,-5.6843418860808e-14
r_2687,-5.6843418860808e-14
r_2688,-1.13686837721616e-13
r_2689,-2.27373675443232e-13
r_2690,-1.13686837721616e-13
r_2691,1.13686837721616e-13
r_2692,-8.5265128291212e-14
r_2693,0
r_2694,5.6843418860808e-14
r_2695,5.6843418860808e-14
r_2696,1.13686837721616e-13
r_2697,0
r_2698,0
r_2699,2.27373675443232e-13
r_2700,-1.98951966012828e-13
r_2701,-1.13686837721616e-13
r_2702,-5.6843418860808e-14
r_2703,-5.6843418860808e-14
r_2704,-1.13686837721616e-13
r_2705,-2.27373675443232e-13
r_2706,-1.13686837721616e-13
r_2707,1.13686837721616e-13
r_2708,-8.5265128291212e-14
r_2709,0
r_2710,5.6843418860808e-14
r_2711,5.6843418860808e-14
r_2712,1.13686837721616e-13
r_2713,0
r_2714,0
r_2715,2.27373675443232e-13
r_2716,-2.8421709430404e-14
r_2717,5.6843418860808e-14
r_2718,1.13686837721616e-13
r_2719,1.13686837721616e-13
r_2720,0
r_2721,-2.27373675443232e-13
r_2722,-1.13686837721616e-13
r_2723,1.13686837721616e-13
r_2724,-2.55795384873636e-13
r_2725,-1.70530256582424e-13
r_2726,-1.13686837721616e-13
r_2727,-1.13686837721616e-13
r_2728,-2.27373675443232e-13
r_2729,-4.54747350886464e-13
r_2730,-3.41060513164848e-13
r_2731,-1.13686837721616e-13
r_2732,-2.8421709430404e-14
r_2733,5.6843418860808e-14
r_2734,1.13686837721616e-13
r_2735,1.13686837721616e-13
r_2736,-3.41060513164848e-13
r_2737,-4.54747350886464e-13
r_2738,-4.54747350886464e-13
r_2739,-2.27373675443232e-13
r_2740,-3.69482222595252e-13
r_2741,-2.8421709430404e-13
r_2742,-2.27373675443232e-13
r_2743,-2.27373675443232e-13
r_2744,-1.13686837721616e-13
r_2745,-2.27373675443232e-13
r_2746,-2.27373675443232e-13
r_2747,0
r_2748,-2.55795384873636e-13
r_2749,-1.70530256582424e-13
r_2750,-1.13686837721616e-13
r_2751,-1.13686837721616e-13
r_2752,-2.27373675443232e-13
r_2753,-4.54747350886464e-13
r_2754,-3.41060513164848e-13
r_2755,-1.13686837721616e-13
r_2756,-1.98951966012828e-13
r_2757,-1.13686837721616e-13
r_2758,-5.6843418860808e-14
r_2759,-5.6843418860808e-14
r_2760,-1.13686837721616e-13
r_2761,-2.27373675443232e-13
r_2762,-1.13686837721616e-13
r_2763,1.13686837721616e-13
r_2764,-3.69482222595252e-13
r_2765,-2.8421709430404e-13
r_2766,-2.27373675443232e-13
r_2767,-2.27373675443232e-13
r_2768,-1.13686837721616e-13
r_2769,-2.27373675443232e-13
r_2770,-2.27373675443232e-13
r_2771,0
r_2772,-8.5265128291212e-14
r_2773,0
r_2774,5.6843418860808e-14
r_2775,5.6843418860808e-14
r_2776,1.13686837721616e-13
r_2777,0
r_2778,0
r_2779,2.27373675443232e-13
r_2780,-2.55795384873636e-13
r_2781,-1.70530256582424e-13
r_2782,-1.13686837721616e-13
r_2783,-1.13686837721616e-13
r_2784,-2.27373675443232e-13
r_2785,-4.54747350886464e-13
r_2786,-3.41060513164848e-13
r_2787,-1.13686837721616e-13
r_2788,-1.98951966012828e-13
r_2789,-1.13686837721616e-13
r_2790,-5.6843418860808e-14
r_2791,-5.6843418860808e-14
r_2792,-1.13686837721616e-13
r_2793,-2.27373675443232e-13
r_2794,-1.13686837721616e-13
r_2795,1.13686837721616e-13
r_2796,-3.69482222595252e-13
r_2797,-2.8421709430404e-13
r_2798,-2.27373675443232e-13
r_2799,-2.27373675443232e-13
r_2800,-1.13686837721616e-13
r_2801,-2.27373675443232e-13
r_2802,-2.27373675443232e-13
r_2803,0
r_2804,-8.5265128291212e-14
r_2805,0
r_2806,5.6843418860808e-14
r_2807,5.6843418860808e-14
r_2808,1.13686837721616e-13
r_2809,0
r_2810,0
r_2811,2.27373675443232e-13
r_2812,-3.61399999999998
r_2813,-3.6140000000001
r_2814,-3.61400000000009
r_2815,-3.61399999999999
r_2816,-3.61400000000015
r_2817,-3.61400000000005
r_2818,-3.61400000000015
r_2819,-3.61400000000027
r_2820,-15.5872988266871
r_2821,-15.5872988266872
r_2822,-15.5872988266873
r_2823,-15.5872988266872
r_2824,-15.5872988266873
r_2825,-15.5872988266872
r_2826,-15.5872988266871
r_2827,-15.587298826687
r_2828,-14.7940103675102
r_2829,-14.7940103675102
r_2830,-14.7940103675102
r_2831,-14.7940103675101
r_2832,-14.7940103675102
r_2833,-14.7940103675101
r_2834,-14.7940103675102
r_2835,-14.7940103675101
r_2836,-14.9268064046995
r_2837,-14.9268064046997
r_2838,-14.9268064046997
r_2839,-14.9268064046996
r_2840,-14.9268064046997
r_2841,-14.9268064046996
r_2842,-14.9268064046995
r_2843,-14.9268064046995
r_2844,-15.5872988266872
r_2845,-15.5872988266872
r_2846,-15.5872988266873
r_2847,-15.5872988266872
r_2848,-15.5872988266873
r_2849,-15.5872988266872
r_2850,-15.5872988266871
r_2851,-15.587298826687
r_2852,-14.7940103675102
r_2853,-14.7940103675102
r_2854,-14.7940103675102
r_2855,-14.7940103675101
r_2856,-14.7940103675102
r_2857,-14.7940103675101
r_2858,-14.7940103675102
r_2859,-14.7940103675101
r_2860,-15.5394745809116
r_2861,-15.5394745809115
r_2862,-15.5394745809115
r_2863,-15.5394745809115
r_2864,-15.5394745809115
r_2865,-15.5394745809115
r_2866,-15.5394745809116
r_2867,-15.5394745809115
r_2868,-15.5394745809116
r_2869,-15.5394745809115
r_2870,-15.5394745809115
r_2871,-15.5394745809115
r_2872,-15.5394745809115
r_2873,-15.5394745809115
r_2874,-15.5394745809116
r_2875,-15.5394745809115
r_2876,-14.7933094410542
r_2877,-14.7933094410541
r_2878,-14.7933094410542
r_2879,-14.7933094410542
r_2880,-14.7933094410542
r_2881,-14.7933094410542
r_2882,-14.7933094410542
r_2883,-14.7933094410542
r_2884,-1.4210854715202e-13
r_2885,-2.8421709430404e-14
r_2886,-8.5265128291212e-14
r_2887,-2.8421709430404e-14
r_2888,-2.8421709430404e-14
r_2889,-2.8421709430404e-14
r_2890,-8.5265128291212e-14
r_2891,-2.8421709430404e-14
r_2892,-2.8421709430404e-14
r_2893,8.5265128291212e-14
r_2894,2.8421709430404e-14
r_2895,8.5265128291212e-14
r_2896,-2.8421709430404e-14
r_2897,-2.8421709430404e-14
r_2898,-8.5265128291212e-14
r_2899,-2.8421709430404e-14
r_2900,-2.8421709430404e-14
r_2901,8.5265128291212e-14
r_2902,2.8421709430404e-14
r_2903,8.5265128291212e-14
r_2904,8.5265128291212e-14
r_2905,8.5265128291212e-14
r_2906,2.8421709430404e-14
r_2907,8.5265128291212e-14
r_2908,-2.8421709430404e-14
r_2909,8.5265128291212e-14
r_2910,2.8421709430404e-14
r_2911,8.5265128291212e-14
r_2912,-1.4210854715202e-13
r_2913,-1.4210854715202e-13
r_2914,-1.98951966012828e-13
r_2915,-1.4210854715202e-13
r_2916,-2.8421709430404e-14
r_2917,8.5265128291212e-14
r_2918,2.8421709430404e-14
r_2919,8.5265128291212e-14
r_2920,8.5265128291212e-14
r_2921,8.5265128291212e-14
r_2922,2.8421709430404e-14
r_2923,8.5265128291212e-14
r_2924,-2.8421709430404e-14
r_2925,8.5265128291212e-14
r_2926,2.8421709430404e-14
r_2927,8.5265128291212e-14
r_2928,-1.4210854715202e-13
r_2929,-1.4210854715202e-13
r_2930,-1.98951966012828e-13
r_2931,-1.4210854715202e-13
r_2932,-2.8421709430404e-14
r_2933,8.5265128291212e-14
r_2934,2.8421709430404e-14
r_2935,8.5265128291212e-14
r_2936,8.5265128291212e-14
r_2937,8.5265128291212e-14
r_2938,2.8421709430404e-14
r_2939,8.5265128291212e-14
r_2940,-3.69482222595252e-13
r_2941,-2.55795384873636e-13
r_2942,-3.12638803734444e-13
r_2943,-2.55795384873636e-13
r_2944,-2.8421709430404e-14
r_2945,-2.8421709430404e-14
r_2946,-8.5265128291212e-14
r_2947,-2.8421709430404e-14
r_2948,-8.5265128291212e-14
r_2949,-5.6843418860808e-14
r_2950,-1.13686837721616e-13
r_2951,-1.13686837721616e-13
r_2952,-1.4210854715202e-13
r_2953,-1.13686837721616e-13
r_2954,-1.13686837721616e-13
r_2955,0
r_2956,2.8421709430404e-14
r_2957,5.6843418860808e-14
r_2958,0
r_2959,0
r_2960,-1.4210854715202e-13
r_2961,-1.13686837721616e-13
r_2962,-1.13686837721616e-13
r_2963,0
r_2964,2.8421709430404e-14
r_2965,5.6843418860808e-14
r_2966,0
r_2967,0
r_2968,-2.8421709430404e-14
r_2969,0
r_2970,0
r_2971,1.13686837721616e-13
r_2972,2.8421709430404e-14
r_2973,5.6843418860808e-14
r_2974,0
r_2975,0
r_2976,-2.55795384873636e-13
r_2977,-2.27373675443232e-13
r_2978,-2.27373675443232e-13
r_2979,-1.13686837721616e-13
r_2980,2.8421709430404e-14
r_2981,5.6843418860808e-14
r_2982,0
r_2983,0
r_2984,-2.8421709430404e-14
r_2985,0
r_2986,0
r_2987,1.13686837721616e-13
r_2988,2.8421709430404e-14
r_2989,5.6843418860808e-14
r_2990,0
r_2991,0
r_2992,-2.55795384873636e-13
r_2993,-2.27373675443232e-13
r_2994,-2.27373675443232e-13
r_2995,-1.13686837721616e-13
r_2996,2.8421709430404e-14
r_2997,5.6843418860808e-14
r_2998,0
r_2999,0
r_3000,-2.8421709430404e-14
r_3001,0
r_3002,0
r_3003,1.13686837721616e-13
r_3004,-3.12638803734444e-13
r_3005,-2.8421709430404e-13
r_3006,-3.41060513164848e-13
r_3007,-3.41060513164848e-13
r_3008,-1.4210854715202e-13
r_3009,-1.13686837721616e-13
r_3010,-1.13686837721616e-13
r_3011,0
r_3022,-2.43265998771838
r_3023,-2.43265998771835
r_3024,-2.43265998771841
r_3025,-2.43265998771841
r_3026,-2.43265998771849
r_3027,-2.43265998771847
r_3028,-2.43265998771847
r_3029,-2.43265998771835
r_3030,-2.4323406399082
r_3031,-2.43265998771832
r_3032,-2.43234063990823
r_3033,-2.43265998771837
r_3034,-2.16211117572104
r_3035,-2.16211117572101
r_3036,-2.16211117572087
r_3037,-2.16211117572112
r_3038,-2.16211117572084
r_3039,-2.16211117572107
r_3040,-2.16211117572095
r_3041,-2.16211117572095
r_3042,-2.16160677240245
r_3043,-2.16211117572098
r_3044,-2.16160677240242
r_3045,-2.16211117572095
r_3046,-2.16211117572098
r_3047,-2.16211117572109
r_3048,-2.16211117572104
r_3049,-2.16211117572092
r_3050,-2.1621111757209
r_3051,-2.1621111757209
r_3052,-2.16211117572112
r_3053,-2.16211117572101
r_3054,-2.16160677240248
r_3055,-2.16211117572101
r_3056,-2.16160677240237
r_3057,-2.16211117572101
r_3058,-2.16211117572093
r_3059,-2.16211117572116
r_3060,-2.1621111757211
r_3061,-2.16211117572093
r_3062,-2.16211117572101
r_3063,-2.16211117572095
r_3064,-2.16211117572107
r_3065,-2.1621111757209
r_3066,-2.16160677240242
r_3067,-2.16211117572095
r_3068,-2.16160677240231
r_3069,-2.16211117572095
r_3070,-2.16211117572104
r_3071,-2.16211117572093
r_3072,-2.16211117572113
r_3073,-2.16211117572101
r_3074,-2.16211117572107
r_3075,-2.1621111757209
r_3076,-2.16211117572099
r_3077,-2.16211117572087
r_3078,-2.16160677240242
r_3079,-2.16211117572107
r_3080,-2.16160677240237
r_3081,-2.16211117572095
r_3082,-4.8108401000502
r_3083,-4.81084010005031
r_3084,-4.81084010005031
r_3085,-4.81084010005031
r_3086,-4.81084010005031
r_3087,-4.81084010005031
r_3088,-4.81084010005031
r_3089,-4.81084010005043
r_3090,-4.76152188955763
r_3091,-4.76152188955774
r_3092,-4.76152188955768
r_3093,-4.76152188955768
r_3094,-4.76152188955768
r_3095,-4.76152188955768
r_3096,-4.76152188955768
r_3097,-4.7615218895578
r_3098,-15.8290209243081
r_3099,-15.829020924308
r_3100,-15.8290209243081
r_3101,-15.8290209243082
r_3102,-15.8290209243081
r_3103,-15.8290209243082
r_3104,-14.4734963781956
r_3105,-14.4734963781955
r_3106,-14.4734963781954
r_3107,-14.4734963781956
r_3108,-14.4734963781954
r_3109,-14.4734963781956
r_3110,-14.4734963781956
r_3111,-14.4734963781956
r_3112,6.9209574802222
r_3113,6.92095748022222
r_3114,6.92095748022228
r_3115,6.92095748022222
r_3116,6.92095748022228
r_3117,6.92095748022222
r_3118,6.92095748022216
r_3119,6.92095748022199
r_3120,7.87184817520631
r_3121,7.87184817520631
r_3122,7.87184817520642
r_3123,7.87184817520637
r_3124,7.87184817520642
r_3125,7.87184817520637
r_3126,7.87184817520631
r_3127,7.87184817520614
r_3128,7.00402391759555
r_3129,7.00402391759555
r_3130,7.0040239175957
r_3131,7.00402391759565
r_3132,7.0040239175957
r_3133,7.00402391759565
r_3134,7.00402391759559
r_3135,7.00402391759565
r_3136,6.57364193025456
r_3137,6.57364193025467
r_3138,6.57364193025467
r_3139,6.57364193025461
r_3140,6.57364193025467
r_3141,6.57364193025461
r_3142,6.57364193025456
r_3143,6.5736419302545
r_3144,6.9209574802222
r_3145,6.9209574802222
r_3146,6.92095748022231
r_3147,6.92095748022226
r_3148,6.92095748022231
r_3149,6.92095748022226
r_3150,6.92095748022214
r_3151,6.92095748022197
r_3152,7.87184817520631
r_3153,7.87184817520631
r_3154,7.8718481752064
r_3155,7.87184817520634
r_3156,7.8718481752064
r_3157,7.87184817520634
r_3158,7.87184817520628
r_3159,7.87184817520611
r_3160,7.00402391759555
r_3161,7.00402391759555
r_3162,7.0040239175957
r_3163,7.00402391759565
r_3164,7.0040239175957
r_3165,7.00402391759565
r_3166,7.00402391759559
r_3167,7.00402391759565
r_3168,6.57364193025456
r_3169,6.57364193025467
r_3170,6.57364193025467
r_3171,6.57364193025461
r_3172,6.57364193025467
r_3173,6.57364193025461
r_3174,6.57364193025456
r_3175,6.5736419302545
r_3176,6.92063170424814
r_3177,6.92063170424802
r_3178,6.92063170424802
r_3179,6.92063170424802
r_3180,6.92063170424802
r_3181,6.92063170424802
r_3182,6.92063170424815
r_3183,6.92063170424805
r_3184,9.40139366328719
r_3185,9.40139366328708
r_3186,9.40139366328708
r_3187,9.40139366328708
r_3188,9.40139366328708
r_3189,9.40139366328708
r_3190,9.40139366328719
r_3191,9.40139366328708
r_3192,6.87313323444661
r_3193,6.8731332344465
r_3194,6.8731332344465
r_3195,6.8731332344465
r_3196,6.8731332344465
r_3197,6.8731332344465
r_3198,6.87313323444661
r_3199,6.87313323444656
r_3200,9.39935478604397
r_3201,9.39935478604386
r_3202,9.39935478604386
r_3203,9.39935478604386
r_3204,9.39935478604386
r_3205,9.39935478604386
r_3206,9.39935478604399
r_3207,9.39935478604387
r_3208,6.9725467841057
r_3209,6.97254678410559
r_3210,6.97254678410559
r_3211,6.97254678410559
r_3212,6.97254678410559
r_3213,6.97254678410559
r_3214,6.9725467841057
r_3215,6.97254678410559
r_3216,6.4821806794871
r_3217,6.48218067948699
r_3218,6.4821806794871
r_3219,6.48218067948707
r_3220,6.4821806794871
r_3221,6.48218067948707
r_3222,6.48218067948707
r_3223,6.48218067948707
r_3224,-15.7694316210355
r_3225,-15.7694316210355
r_3226,-15.7694316210355
r_3227,-15.7694316210355
r_3228,-15.7694316210355
r_3229,-15.7694316210355
r_3230,-15.7694316210355
r_3231,-15.7694316210355
r_3232,-15.9069222546967
r_3233,-15.9069222546967
r_3234,-15.9069222546967
r_3235,-15.9069222546967
r_3236,-15.9069222546967
r_3237,-15.9069222546967
r_3238,-15.9069222546967
r_3239,-15.9069222546967
r_3240,7.13697584058281
r_3241,7.13697584058272
r_3242,7.13697584058275
r_3243,7.13697584058281
r_3244,6.76395421976008
r_3245,6.76395421976005
r_3246,6.76395421976008
r_3247,6.76395421976011
r_3248,6.80804372844034
r_3249,6.80804372844037
r_3250,6.8080437284404
r_3251,6.80804372844042
r_3252,-2.54638899609294
r_3253,-2.54638899609301
r_3254,-2.54638899609296
r_3255,-2.54638899609313
r_3256,-2.54638899609279
r_3257,-2.54638899609301
r_3258,-2.54638899609301
r_3259,-2.54638899609301
r_3260,-2.54638899609301
r_3261,-2.54638899609301
r_3262,-2.16211117572107
r_3263,-2.16211117572107
r_3264,-2.54612535406788
r_3265,-2.54638899609282
r_3266,-2.54612535406788
r_3267,-2.54638899609305
r_3268,-2.54612535406788
r_3269,-2.54638899609305
r_3270,-2.54612535406788
r_3271,-2.54638899609294
r_3272,-2.54612535406788
r_3273,-2.54638899609294
r_3274,-2.54612535406776
r_3275,-2.54638899609294
r_3276,-2.54612535406799
r_3277,-2.54638899609294
r_3278,-2.54612535406799
r_3279,-2.54638899609294
r_3280,-2.54612535406788
r_3281,-2.54638899609294
r_3282,-2.54612535406776
r_3283,-2.54638899609294
r_3284,-2.54612535406799
r_3285,-2.54638899609294
r_3286,-2.54612535406799
r_3287,-2.54638899609294
r_3288,-2.54612535406799
r_3289,-2.54638899609305
r_3290,-2.5461253540681
r_3291,-2.54638899609294
r_3292,-2.54612535406799
r_3293,-2.54638899609282
r_3294,-2.54612535406776
r_3295,-2.54638899609294
r_3296,-2.54638899609301
r_3297,-2.54638899609299
r_3298,-2.54638899609307
r_3299,-2.54638899609301
r_3300,-2.54638899609307
r_3301,-2.54638899609304
r_3302,-2.54638899609301
r_3303,-2.54638899609307
r_3304,-3.2260052399788
r_3305,-3.2260052399788
r_3306,-3.2260052399788
r_3307,-3.2260052399788
r_3308,-2.546125354068
r_3309,-2.54638899609298
r_3310,-2.54612535406792
r_3311,-2.54638899609304
r_3312,-3.61400000000009
r_3313,-3.61400000000009
r_3314,-3.61399999999986
r_3315,-3.61399999999998
r_3316,-2.54638899609299
r_3317,-2.54638899609296
r_3318,-2.54638899609279
r_3319,-2.54638899609324
r_3320,-2.5463889960929
r_3321,-2.54638899609324
r_3322,-2.54638899609301
r_3323,-2.54638899609313
r_3324,-2.54638899609296
r_3325,-2.54638899609307
r_3326,-2.54638899609296
r_3327,-2.54638899609284
r_3328,-2.54638899609296
r_3329,-2.54638899609296
r_3330,-2.54638899609319
r_3331,-2.54638899609307
r_3332,7.55375778025169
r_3333,7.55375778025169
r_3334,7.55375778025169
r_3335,7.55375778025169
r_3336,7.55375778025169
r_3337,7.55375778025169
r_3338,7.55375778025169
r_3339,7.55375778025169
r_3340,7.45830285946841
r_3341,7.45830285946841
r_3342,7.45830285946841
r_3343,7.45830285946841
r_3344,7.45830285946841
r_3345,7.45830285946841
r_3346,7.45830285946835
r_3347,7.45830285946835
r_3348,2.55795384873636e-13
r_3349,1.4210854715202e-13
r_3350,1.4210854715202e-13
r_3351,1.98951966012828e-13
r_3352,1.4210854715202e-13
r_3353,1.98951966012828e-13
r_3354,1.98951966012828e-13
r_3355,3.69482222595252e-13
r_3356,2.8421709430404e-14
r_3357,-8.5265128291212e-14
r_3358,-8.5265128291212e-14
r_3359,-2.8421709430404e-14
r_3360,-8.5265128291212e-14
r_3361,-2.8421709430404e-14
r_3362,-2.8421709430404e-14
r_3363,1.4210854715202e-13
r_3364,1.4210854715202e-13
r_3365,2.8421709430404e-14
r_3366,2.8421709430404e-14
r_3367,8.5265128291212e-14
r_3368,2.8421709430404e-14
r_3369,8.5265128291212e-14
r_3370,8.5265128291212e-14
r_3371,2.55795384873636e-13
r_3372,-8.5265128291212e-14
r_3373,-1.98951966012828e-13
r_3374,-1.98951966012828e-13
r_3375,-1.4210854715202e-13
r_3376,-1.98951966012828e-13
r_3377,-1.4210854715202e-13
r_3378,-1.4210854715202e-13
r_3379,2.8421709430404e-14
r_3380,1.4210854715202e-13
r_3381,2.8421709430404e-14
r_3382,2.8421709430404e-14
r_3383,8.5265128291212e-14
r_3384,2.8421709430404e-14
r_3385,8.5265128291212e-14
r_3386,8.5265128291212e-14
r_3387,2.55795384873636e-13
r_3388,-8.5265128291212e-14
r_3389,-1.98951966012828e-13
r_3390,-1.98951966012828e-13
r_3391,-1.4210854715202e-13
r_3392,-1.98951966012828e-13
r_3393,-1.4210854715202e-13
r_3394,-1.4210854715202e-13
r_3395,2.8421709430404e-14
r_3396,2.8421709430404e-14
r_3397,-8.5265128291212e-14
r_3398,-8.5265128291212e-14
r_3399,-2.8421709430404e-14
r_3400,-8.5265128291212e-14
r_3401,-2.8421709430404e-14
r_3402,-2.8421709430404e-14
r_3403,1.4210854715202e-13
r_3404,-1.98951966012828e-13
r_3405,-3.12638803734444e-13
r_3406,-3.12638803734444e-13
r_3407,-2.55795384873636e-13
r_3408,-3.12638803734444e-13
r_3409,-2.55795384873636e-13
r_3410,-2.55795384873636e-13
r_3411,-8.5265128291212e-14
r_3412,1.4210854715202e-13
r_3413,2.8421709430404e-14
r_3414,2.8421709430404e-14
r_3415,8.5265128291212e-14
r_3416,2.8421709430404e-14
r_3417,8.5265128291212e-14
r_3418,8.5265128291212e-14
r_3419,2.55795384873636e-13
r_3420,-8.5265128291212e-14
r_3421,-1.98951966012828e-13
r_3422,-1.98951966012828e-13
r_3423,-1.4210854715202e-13
r_3424,-1.98951966012828e-13
r_3425,-1.4210854715202e-13
r_3426,-1.4210854715202e-13
r_3427,2.8421709430404e-14
r_3428,8.5265128291212e-14
r_3429,-2.8421709430404e-14
r_3430,-2.8421709430404e-14
r_3431,2.8421709430404e-14
r_3432,-2.8421709430404e-14
r_3433,2.8421709430404e-14
r_3434,2.8421709430404e-14
r_3435,1.98951966012828e-13
r_3436,-2.8421709430404e-14
r_3437,-1.4210854715202e-13
r_3438,-1.4210854715202e-13
r_3439,-8.5265128291212e-14
r_3440,-1.4210854715202e-13
r_3441,-8.5265128291212e-14
r_3442,-8.5265128291212e-14
r_3443,8.5265128291212e-14
r_3444,8.5265128291212e-14
r_3445,-2.8421709430404e-14
r_3446,-2.8421709430404e-14
r_3447,2.8421709430404e-14
r_3448,-2.8421709430404e-14
r_3449,2.8421709430404e-14
r_3450,2.8421709430404e-14
r_3451,1.98951966012828e-13
r_3452,2.8421709430404e-14
r_3453,-8.5265128291212e-14
r_3454,-8.5265128291212e-14
r_3455,-2.8421709430404e-14
r_3456,-8.5265128291212e-14
r_3457,-2.8421709430404e-14
r_3458,-2.8421709430404e-14
r_3459,1.4210854715202e-13
r_3460,8.5265128291212e-14
r_3461,-2.8421709430404e-14
r_3462,-2.8421709430404e-14
r_3463,2.8421709430404e-14
r_3464,-2.8421709430404e-14
r_3465,2.8421709430404e-14
r_3466,2.8421709430404e-14
r_3467,1.98951966012828e-13
r_3468,2.8421709430404e-14
r_3469,-8.5265128291212e-14
r_3470,-8.5265128291212e-14
r_3471,-2.8421709430404e-14
r_3472,-8.5265128291212e-14
r_3473,-2.8421709430404e-14
r_3474,-2.8421709430404e-14
r_3475,1.4210854715202e-13
r_3476,1.4210854715202e-13
r_3477,2.8421709430404e-14
r_3478,2.8421709430404e-14
r_3479,8.5265128291212e-14
r_3480,2.8421709430404e-14
r_3481,8.5265128291212e-14
r_3482,8.5265128291212e-14
r_3483,2.55795384873636e-13
r_3484,2.8421709430404e-14
r_3485,-8.5265128291212e-14
r_3486,-8.5265128291212e-14
r_3487,-2.8421709430404e-14
r_3488,-8.5265128291212e-14
r_3489,-2.8421709430404e-14
r_3490,-2.8421709430404e-14
r_3491,1.4210854715202e-13
r_3492,8.5265128291212e-14
r_3493,-2.8421709430404e-14
r_3494,-2.8421709430404e-14
r_3495,2.8421709430404e-14
r_3496,-2.8421709430404e-14
r_3497,2.8421709430404e-14
r_3498,2.8421709430404e-14
r_3499,1.98951966012828e-13
r_3500,-2.8421709430404e-14
r_3501,-1.4210854715202e-13
r_3502,-1.4210854715202e-13
r_3503,-8.5265128291212e-14
r_3504,-1.4210854715202e-13
r_3505,-8.5265128291212e-14
r_3506,-8.5265128291212e-14
r_3507,8.5265128291212e-14
r_3508,2.01340703116864
r_3509,2.33001074702833
r_3510,2.64661446288807
r_3511,2.48825689917311
r_3512,2.96321817874775
r_3513,2.80486061503285
r_3514,7.42016367838869
r_3515,7.34250133736674
r_3516,7.65910505322651
r_3517,10000000
r_3518,7.81740691115633
r_3519,8.2923124849459
r_3520,8.13401062701608
r_3521,8.60891620080551
r_3522,8.92551991666537
r_3523,10000000
r_3524,9.55872734838485
r_3525,0
r_3526,0.158301879780481
r_3527,2.18506102100946e-08
r_3528,5.60118090013839
r_3529,5.13469941674282
r_3530,4.97639755881289
r_3531,2.18506217564141e-08
r_3532,2.40974233837107
r_3533,2.13707510390367
r_3534,1.26537778708621
r_3535,1.13688289204555
r_3536,1.93122027658779
r_3537,0.717033632322369
r_3538,3.57128108346944
r_3539,2.29892533775399
r_3540,1.68800091494739
r_3541,2.19874891560971
r_3542,2.67365448939933
r_3543,3.57127642673072
r_3544,1.68722950419112
r_3545,0.554056524605116
r_3546,0.949811169429751
r_3547,2.67368753901866
r_3548,1.85568583561655
r_3549,3.64094275423736
r_3550,3.64094275423741
r_3551,3.95754647009699
r_3552,3.48264089630749
r_3553,3.48264089630749
r_3554,5.22396133353584
r_3555,5.06565947560603
r_3556,5.54056504939547
r_3557,5.38226319146565
r_3558,5.54056504939547
r_3559,5.38226319146565
r_3560,5.85716876525532
r_3561,5.69886690732551
r_3562,6.20898692868764
r_3563,6.05068507075782
r_3564,6.52559064454732
r_3565,6.36728878661751
r_3566,6.52559064454732
r_3567,6.36728878661751
r_3568,6.84219436040718
r_3569,6.68389250247736
r_3570,-1.58301860114916
r_3571,0
r_3572,0
r_3573,0
r_3574,0
r_3575,0
r_3576,0
r_3577,10000000
r_3578,0
r_3579,0
r_3580,0
r_3581,0
r_3582,0
r_3583,0
r_3584,0
r_3585,0
r_3586,0
r_3587,0
r_3588,0
r_3589,0
r_3590,0
r_3591,0
r_3592,0
r_3593,0
r_3594,0
r_3595,0
r_3596,0
r_3597,0
r_3598,0
r_3599,10000000
r_3600,0
r_3601,0.11501130590932
r_3602,-1.15727540054633
r_3603,0
r_3604,-0.387032611004884
r_3605,0.331245983741354
r_3606,3.87032611004886
r_3607,3.28977719354151
r_3608,5.80800319441266
r_3609,5.42121134470136
r_3610,6.58206841642243
r_3611,6.19527656671102
r_3612,10.4955658022107
r_3613,11.2696310242205
r_3614,10000000
r_3615,12.81776146824
r_3616,9.6000534766093
r_3617,9.21302086560442
r_3618,10.3741186986191
r_3619,9.98708608761419
r_3620,10.3741186986191
r_3621,9.98708608761419
r_3622,11.1481839206288
r_3623,10.761151309624
r_3624,12.8445536229529
r_3625,12.457521011948
r_3626,13.6186188449626
r_3627,13.2315862339577
r_3628,13.6186188449626
r_3629,13.2315862339577
r_3630,14.3926840669724
r_3631,14.0056514559675
r_3632,7.8704784766093
r_3633,7.48344586560442
r_3634,8.64454369861907
r_3635,8.25751108761419
r_3636,8.64454369861907
r_3637,8.25751108761419
r_3638,9.41860892062882
r_3639,9.03157630962395
r_3640,12.7720761631613
r_3641,12.3850435521564
r_3642,13.546141385171
r_3643,13.1591087741662
r_3644,13.546141385171
r_3645,13.1591087741662
r_3646,14.3202066071808
r_3647,13.9331739961759
r_3648,-2.65017099817655
r_3649,-1.57733468747216
r_3650,0
r_3651,-14.4376505263664
r_3652,-15.7092823638824
r_3653,-3.41092487587957e-07
r_3654,94.0591168303128
r_3655,91.4089461732287
r_3656,99.3594581444811
r_3657,96.7092874873969
r_3658,99.3594581444811
r_3659,96.7092874873969
r_3660,104.659799458649
r_3661,102.009628801565
r_3662,-2.15936984031042
r_3663,-1.1283057810725
r_3664,0
r_3665,-2.05267625119632e-07
r_3666,-11.2631520282969
r_3667,-12.5350473272242
r_3668,1.36333621282229
r_3669,4.04854176849767e-08
r_3670,40.9026597744676
r_3671,43.6293321191413
r_3672,-44.9900937276018
r_3673,-43.6267575552649
r_3674,-47.7167660722754
r_3675,-46.3534298999385
r_3676,-47.7167660722754
r_3677,-46.3534298999385
r_3678,-21.1335825596009
r_3679,-23.8602549042745
r_3680,-21.8159533617515
r_3681,-2.01340703116864
r_3682,-2.33001074702833
r_3683,-3.91302932632698
r_3684,-4.22963304218666
r_3685,-7.59848920248373
r_3686,-7.44018734455392
r_3687,-7.91509291834336
r_3688,-7.75679106041355
r_3689,-7.44018734455392
r_3690,-7.28188548662399
r_3691,-7.75679106041355
r_3692,-7.59848920248373
r_3693,-7.91509291834336
r_3694,-7.75679106041355
r_3695,-8.23169663420322
r_3696,-8.07339477627329
r_3697,-7.75679106041355
r_3698,-7.59848920248373
r_3699,-8.07339477627329
r_3700,-7.91509291834336
r_3701,-7.91509291834336
r_3702,-7.75679106041355
r_3703,-8.23169663420322
r_3704,-8.07339477627329
r_3705,-7.75679106041355
r_3706,-7.59848920248373
r_3707,-8.07339477627329
r_3708,-7.91509291834336
r_3709,-8.23169663420322
r_3710,-8.07339477627329
r_3711,-8.54830035006262
r_3712,-8.38999849213315
r_3713,-8.07339477627329
r_3714,-7.91509291834336
r_3715,-8.38999849213315
r_3716,-8.23169663420322
r_3717,-3.64094275423736
r_3718,-3.64094275423741
r_3719,-3.95754647009699
r_3720,-3.48264089630749
r_3721,-5.69886690732551
r_3722,-6.01547062318514
r_3723,-5.85716876525532
r_3724,-6.17377248111495
r_3725,-5.85716876525532
r_3726,-6.17377248111495
r_3727,-6.17377248111495
r_3728,-6.49037619697481
r_3729,-5.69886690732551
r_3730,-6.01547062318514
r_3731,-6.17377248111501
r_3732,-6.01547062318519
r_3733,-6.49037619697492
r_3734,-6.33207433904477
r_3735,-6.49037619697492
r_3736,-6.33207433904477
r_3737,-6.80697991283455
r_3738,-6.64867805490462
r_3739,-5.69886690732557
r_3740,-5.54056504939552
r_3741,-6.01547062318519
r_3742,-5.85716876525538
r_3743,-6.01547062318519
r_3744,-5.85716876525538
r_3745,-6.33207433904482
r_3746,-6.17377248111501
r_3747,-3.95754647009699
r_3748,-3.79924461216717
r_3749,-4.27415018595667
r_3750,-4.11584832802697
r_3751,-3.48264089630743
r_3752,-3.32433903837762
r_3753,-3.79924461216717
r_3754,-3.6409427542373
r_3755,6.19299380228301
r_3756,6.0346919443532
r_3757,6.50959751814287
r_3758,6.35129566021294
r_3759,38.4551217300498
r_3760,37.2500874156428
r_3761,40.8651903588638
r_3762,39.6601560444569
r_3763,40.8651903588638
r_3764,39.6601560444569
r_3765,42.5852018745811
r_3766,41.380167560174
r_3767,44.995270503395
r_3768,43.790236188988
r_3769,44.995270503395
r_3770,43.790236188988
r_3771,47.4053391322091
r_3772,46.2003048178021
r_3773,-43.3812353372869
r_3774,-42.17620102288
r_3775,-45.791303966101
r_3776,-44.586269651694
r_3777,-45.791303966101
r_3778,-44.586269651694
r_3779,-48.201372594915
r_3780,-46.996338280508
r_3781,46.996338280508
r_3782,45.7913039661009
r_3783,49.4064069093218
r_3784,48.2013725949149
r_3785,49.4064069093218
r_3786,48.2013725949149
r_3787,51.8164755381359
r_3788,50.6114412237289
r_3789,-76.4831594952162
r_3790,-74.1654880022435
r_3791,-81.1185024811614
r_3792,-78.8008309881888
r_3793,-81.1185024811614
r_3794,-78.8008309881888
r_3795,-85.7538454671068
r_3796,-83.4361739741341
r_3797,-75.6513903926939
r_3798,-73.3337188997212
r_3799,-80.2867333786392
r_3800,-77.9690618856665
r_3801,-80.2867333786392
r_3802,-77.9690618856665
r_3803,-84.9220763645845
r_3804,-82.6044048716118
r_3805,-88.0715169600795
r_3806,-85.7538454671068
r_3807,-92.7068599460248
r_3808,-90.3891884530522
r_3809,-92.7068599460248
r_3810,-90.3891884530522
r_3811,-97.3422029319702
r_3812,-95.0245314389976
r_3813,-82.2773382276478
r_3814,-79.9596667346752
r_3815,-86.9126812135932
r_3816,-84.5950097206206
r_3817,-86.9126812135932
r_3818,-84.5950097206206
r_3819,-91.5480241995385
r_3820,-89.2303527065658
r_3821,83.4361739741342
r_3822,81.1185024811614
r_3823,88.0715169600796
r_3824,85.7538454671068
r_3825,88.0715169600796
r_3826,85.7538454671068
r_3827,92.7068599460248
r_3828,90.3891884530522
r_3829,-91.7363533066766
r_3830,-88.9278807916628
r_3831,-97.3532983367045
r_3832,-94.5448258216905
r_3833,-97.3532983367045
r_3834,-94.5448258216905
r_3835,-102.970243366732
r_3836,-100.161770851718
r_3837,-106.721955933473
r_3838,-103.913483418459
r_3839,-112.338900963501
r_3840,-109.530428448487
r_3841,-112.338900963501
r_3842,-109.530428448487
r_3843,-117.955845993528
r_3844,-115.147373478514
r_3845,-99.7007746459378
r_3846,-96.8923021309238
r_3847,-105.317719675966
r_3848,-102.509247160952
r_3849,-105.317719675966
r_3850,-102.509247160952
r_3851,-110.934664705993
r_3852,-108.12619219098
r_3853,101.105010903445
r_3854,98.2965383884307
r_3855,106.721955933473
r_3856,103.913483418459
r_3857,106.721955933473
r_3858,103.913483418459
r_3859,112.338900963501
r_3860,109.530428448487
r_3861,105.686709063658
r_3862,102.878236548644
r_3863,111.303654093685
r_3864,108.495181578671
r_3865,111.303654093685
r_3866,108.495181578671
r_3867,116.920599123713
r_3868,114.112126608699
r_3869,-20.7227098413708
r_3870,-20.1773753724361
r_3871,-21.8133787792403
r_3872,-21.2680443103056
r_3873,-21.8133787792403
r_3874,-21.2680443103056
r_3875,-22.9040477171099
r_3876,-22.3587132481752
r_3877,-21.2680443103056
r_3878,-20.7227098413709
r_3879,-22.3587132481753
r_3880,-21.8133787792403
r_3881,-22.3587132481753
r_3882,-21.8133787792403
r_3883,-23.4493821860447
r_3884,-22.9040477171098
r_3885,-19.6320409035015
r_3886,-19.0867064345666
r_3887,-20.7227098413709
r_3888,-20.1773753724362
r_3889,-20.7227098413709
r_3890,-20.1773753724362
r_3891,-21.8133787792403
r_3892,-21.2680443103056
r_3893,-19.359373669034
r_3894,-18.8140392000992
r_3895,-20.4500426069035
r_3896,-19.9047081379688
r_3897,-20.4500426069035
r_3898,-19.9047081379688
r_3899,-21.5407115447729
r_3900,-20.9953770758382
r_3901,12.8172934087787
r_3902,13.9079623466482
r_3903,17.7639527022199
r_3904,17.2186182332852
r_3905,18.8546216400893
r_3906,18.3092871711546
r_3907,18.8546216400893
r_3908,18.3092871711546
r_3909,19.9452905779589
r_3910,19.3999561090241
r_3911,20.4800965617931
r_3912,19.9347620928584
r_3913,21.5707654996625
r_3914,21.0254310307278
r_3915,21.5707654996625
r_3916,21.0254310307278
r_3917,22.6614344375322
r_3918,22.1160999685972
r_3919,20.2211361699297
r_3920,19.675801700995
r_3921,21.3118051077991
r_3922,20.7664706388644
r_3923,21.3118051077991
r_3924,20.7664706388644
r_3925,22.4024740456688
r_3926,21.8571395767338
r_3927,-19.6320409035014
r_3928,-20.7227098413708
r_3929,-20.7227098413708
r_3930,-20.1773753724361
r_3931,-21.8133787792403
r_3932,-21.2680443103056
r_3933,-21.8133787792403
r_3934,-21.2680443103056
r_3935,-22.9040477171099
r_3936,-22.3587132481752
r_3937,0
r_3938,0
r_3939,0
r_3940,0
r_3941,0.112868071067403
r_3942,0.112868071067403
r_3943,0.1128680710674
r_3944,0.1128680710674
r_3945,0.1128680710674
r_3946,0.1128680710674
r_3947,0.112868071067403
r_3948,0.112868071067403
r_3949,0.677496056215176
r_3950,0.677496056215176
r_3951,0.677496056215176
r_3952,0.677496056215148
r_3953,0.677496056215176
r_3954,0.677496056215148
r_3955,0.677496056215148
r_3956,0.677496056215134
r_3957,0
r_3958,0
r_3959,0
r_3960,0
r_3961,0
r_3962,0
r_3963,10000000
r_3964,10000000
r_3965,10000000
r_3966,10000000
r_3967,10000000
r_3968,10000000
r_3969,10000000
r_3970,10000000
r_3971,10000000
r_3972,10000000
r_3973,10000000
r_3975,10000000
r_3976,10000000
r_3977,10000000
r_3978,10000000
r_3979,10000000
r_3980,10000000
r_3981,10000000
r_3982,10000000
r_3983,10000000
r_3984,10000000
r_3985,10000000
r_3986,10000000
r_3987,10000000
r_3988,10000000
r_3989,10000000
r_3990,10000000
r_3991,10000000
r_3992,10000000
r_3993,10000000
r_3994,10000000
r_3995,10000000
r_3996,10000000
r_3997,10000000
r_3998,10000000
r_3999,10000000
r_4000,10000000
r_4001,10000000
r_4002,10000000
r_4003,10000000
r_4004,10000000
r_4005,10000000
r_4006,10000000
r_4007,10000000
r_4008,10000000
r_4009,10000000
r_4010,10000000
r_4011,10000000
r_4012,10000000
r_4013,10000000
r_4014,10000000
r_4015,10000000
r_4016,10000000
r_4017,10000000
r_4018,10000000
r_4019,10000000
r_4020,10000000
r_4021,10000000
r_4022,10000000
r_4023,10000000
r_4024,10000000
r_4025,10000000
r_4026,10000000
r_4027,10000000
r_4028,10000000
r_4029,10000000
r_4030,10000000
r_4031,10000000
r_4032,10000000
r_4033,10000000
r_4034,10000000
r_4035,10000000
r_4036,10000000
r_4037,10000000
r_4038,10000000
r_4039,2.69838489878674
r_4040,10000000
r_4041,10000000
r_4042,10000000
r_4043,10000000
r_4044,10000000
r_4045,-0.732999999999976
r_4046,-8.11233323475554
r_4047,10000000
r_4048,10000000
r_4049,10000000
r_4050,10000000
r_4051,10000000
r_4052,10000000
r_4053,10000000
r_4054,10000000
r_4055,10000000
r_4056,10000000
r_4057,10000000
r_4058,10000000
r_4059,10000000
r_4060,10000000
r_4061,10000000
r_4062,10000000
r_4063,10000000
r_4064,10000000
r_4065,10000000
r_4066,10000000
r_4067,10000000
r_4068,10000000
r_4069,10000000
r_4070,10000000
r_4071,10000000
r_4072,10000000
r_4073,10000000
r_4074,10000000
r_4075,10000000
r_4076,10000000
r_4077,10000000
r_4078,10000000
r_4079,10000000
r_4080,10000000
r_4081,10000000
r_4082,10000000
r_4083,10000000
r_4084,10000000
r_4085,10000000
r_4086,10000000
r_4087,10000000
r_4088,10000000
r_4089,10000000
r_4090,10000000
r_4091,10000000
r_4092,10000000
r_4093,10000000
r_4094,10000000
r_4095,10000000
r_4096,10000000
r_4097,10000000
r_4098,10000000
r_4099,10000000
r_4100,10000000
r_4101,10000000
r_4102,10000000
r_4103,10000000
r_4104,10000000
r_4105,10000000
r_4106,10000000
r_4107,10000000
r_4108,10000000
r_4109,10000000
r_4110,10000000
r_4111,10000000
r_4112,10000000
r_4113,10000000
r_4114,10000000
r_4115,10000000
r_4116,10000000
r_4117,10000000
r_4118,10000000
r_4119,10000000
r_4120,10000000
r_4121,10000000
r_4122,10000000
r_4123,10000000
r_4124,10000000
r_4125,10000000
r_4126,10000000
r_4127,10000000
r_4128,10000000
r_4129,10000000
r_4130,10000000
r_4131,10000000
r_4132,10000000
r_4133,10000000
r_4134,10000000
r_4135,10000000
r_4136,10000000
r_4137,10000000
r_4138,10000000
r_4139,10000000
r_4140,10000000
r_4141,10000000
r_4142,10000000
r_4143,10000000
r_4144,10000000
r_4145,10000000
r_4146,10000000
r_4147,10000000
r_4148,10000000
r_4149,10000000
r_4150,10000000
r_4151,10000000
r_4152,10000000
r_4153,5.81961418263701
r_4154,6.20664679364194
r_4155,10000000
r_4156,2.7570519056307
r_4157,10.4508285417193
r_4158,10000000
r_4159,10000000
r_4160,-31.3870748592476
r_4161,2.70922861812669
r_4162,1.74164709061447
r_4163,2.70922861812669
r_4164,-21.1733529677552
r_4165,10000000
r_4166,10000000
r_4167,10000000
r_4168,-2.3221960071218
r_4169,-2.3221960071218
r_4170,10000000
r_4171,-4.76314037325828
r_4172,10000000
r_4173,10000000
r_4174,0
r_4175,3.26961418263704
r_4176,3.25643198799134
r_4177,3.26961418263701
r_4178,3.26961418263703
r_4179,3.26961418263701
r_4180,3.26961418263702
r_4181,10000000
r_4183,1.60961418263702
r_4184,3.55707872845852
r_4185,-4.11252074005826
r_4186,10000000
r_4187,10000000
r_4188,-2.94399450024298
r_4189,0.372999981276507
r_4190,10000000
r_4191,7.11284558919682
r_4192,10000000
r_4193,10000000
r_4194,10000000
r_4195,10000000
r_4196,10000000
r_4197,10000000
r_4198,9.75552407818181
r_4199,10000000
r_4200,10000000
r_4201,10000000
r_4202,10000000
r_4203,2.98798492196251
r_4204,-1.1966139140909
r_4205,-9.93147910777083
r_4206,-0.737480615141465
r_4207,10000000
r_4208,-1.46359414738332
r_4209,-0.402279572542724
r_4210,3.55299994079106
r_4211,-48.0036448889014
r_4212,-48.6028451937252
r_4214,4.55949818184019
r_4215,10000000
r_4216,10000000
r_4217,-46.2937000187234
r_4218,10000000
r_4219,10000000
r_4220,10000000
r_4221,3.16961418263702
r_4222,-15.223360538927
r_4223,-6.83928223842025
r_4224,10000000
r_4225,-2.6938708190319
r_4226,-4.10911998456075
r_4227,-5.11112472376014
r_4228,-5.11143916814818
r_4230,5.11105188869161
r_4231,-5.1104028535955
r_4232,-16.0043724977508
r_4233,10000000
r_4234,10000000
r_4236,16.4235713184284
r_4237,10000000
r_4238,10000000
r_4239,10000000
r_4240,10000000
r_4241,10000000
r_4242,10000000
r_4243,10000000
r_4244,10000000
r_4245,-3.01865077385065
r_4246,10000000
r_4247,-12.0403248466302
r_4248,-7.89703267021381
r_4249,10000000
r_4250,10000000
r_4251,10000000
r_4252,10000000
r_4253,10000000
r_4254,10000000
r_4255,10000000
r_4256,-5.03201711411737
r_4258,10000000
r_4260,-5.48550611296955
r_4261,-6.16708495898724
r_4262,1.41996949562051
r_4263,-0.193516100234827
r_4264,13.9203400229074
r_4265,10000000
r_4266,-23.7922621756818
r_4267,-27.8673283546951
r_4268,-27.8673283546952
r_4269,10000000
r_4270,10000000
r_4271,10000000
r_4272,10000000
r_4273,10000000
r_4274,-6.12098759858873
r_4275,-72.457355514637
r_4276,-56.7466573724851
r_4277,10000000
r_4278,10000000
r_4279,-5.67985801999447
r_4280,10000000
r_4281,10000000
r_4282,-16.7287591686622
r_4283,-15.2251788239524
r_4284,-15.2251788239523
r_4285,-15.2251788239523
r_4286,-16.247680953205
r_4287,-15.2251788239524
r_4288,0
r_4291,-10.6038525493081
r_4292,-8.4863450258357
r_4293,-13.9722549213805
r_4294,-10.6051781326602
r_4295,-10.603771575517
r_4296,-17.1142454727718
r_4297,-14.0675332979359
r_4298,-11.0189880536834
r_4299,-5.42773209448191
r_4300,-10.6058508721428
r_4301,-10.6042826143058
r_4302,10000000
r_4303,10000000
r_4304,10000000
r_4305,-10.6038068898594
r_4306,-10.605668204087
r_4307,-10.6063286502517
r_4308,10000000
r_4309,-2.54638899609301
r_4310,10000000
r_4311,2.77454103023143
r_4312,-19.7945338939176
r_4313,10000000
r_4314,10000000
r_4315,7.27971851209514
r_4316,10000000
r_4317,-3.113
r_4318,-3.113
r_4319,10000000
r_4320,10000000
r_4321,10000000
r_4322,10000000
r_4323,10000000
r_4324,10000000
r_4325,10000000
r_4326,-21.6021753444653
r_4327,10000000
r_4328,10000000
r_4329,0.774065243860377
r_4330,8.64440026834068
r_4331,10000000
r_4332,-1.13205783318701
r_4333,10000000
r_4334,10000000
r_4335,-8.1123332347556
r_4336,-5.49718400000364
r_4337,10000000
r_4338,10000000
r_4339,10000000
r_4340,10000000
r_4341,4.9584563052921
r_4342,7.10825175616333
r_4343,-3.41008085948226
r_4344,10.0361410004813
r_4345,7.09335544891664
r_4346,1.28163303473084
r_4347,7.09760068938832
r_4348,1.48972840599126
r_4349,0.581480832324513
r_4350,7.87820460126267
r_4351,-9.60919917043114
r_4352,1.4593896110043
r_4353,10000000
r_4354,10000000
r_4355,4.10916764246223
r_4356,-2.36867973349651
r_4357,7.09415529001035
r_4358,1.13345290618035
r_4359,-1.13631685768098
r_4360,0.668214095292782
r_4361,-4.48400179236519
r_4362,2.86568571358335
r_4363,10000000
r_4364,10000000
r_4365,-2.7557123445014
r_4366,10000000
r_4367,10000000
r_4368,8.40859371561183
r_4369,10000000
r_4370,7.09436684775289
r_4371,1.33839226488379
r_4372,-18.0595728028574
r_4373,-0.985019733496522
r_4374,10000000
r_4375,10000000
r_4376,8.54393858382463
r_4377,1.53720613919102
r_4378,-3.113
r_4379,0.147032238035258
r_4380,5.69458928279275
r_4381,-1.33438081460302
r_4382,10000000
r_4383,1.99326063964547
r_4384,-8.84554616370775
r_4385,-1.16839448738046
r_4386,-0.562476648836935
r_4387,-3.73393265676051
r_4388,-18.0597843606
r_4389,-0.791503427994052
r_4390,0.136999999999981
r_4391,-0.774071083665001
r_4392,-1.40109820598426
r_4393,-16.7851788239524
r_4394,0
r_4395,2.32220152768457
r_4396,-17.6475256166112
r_4397,-2.00374480109269
r_4398,-4.29437087077498
r_4399,0.710073130971587
r_4400,-3.113
r_4401,-0.0604285575039718
r_4402,-4.49332408337881
r_4403,10000000
r_4404,-5.07935582866395
r_4405,5.39901913218581
r_4406,-3.7745736669003
r_4407,10.0090654944847
r_4408,-3.83241611864525
r_4409,-0.247132655043046
r_4410,5.79442219861659
r_4411,4.27114645045492
r_4412,-20.0691587791266
r_4413,7.10576703297261
r_4414,2.9472094273288
r_4415,3.15527853781829
r_4416,3.08315904425223
r_4417,3.26000884696664
r_4418,3.20558156218925
r_4419,-1.75908495550628
r_4420,-4.863
r_4421,-1.95260126100871
r_4422,-0.877901176806257
r_4423,-0.0610380369744377
r_4424,-4.69080223324504
r_4425,0.133344064037107
r_4426,-0.254299230598576
r_4427,-0.53935203468592
r_4428,-1.49859153481076
r_4429,-8.6114938494942
r_4430,1.07164596878771
r_4431,1.04548259880065
r_4432,10000000
r_4433,6.05842957009659
r_4434,6.22996745099204
r_4435,7.13697584058275
r_4436,7.11347882435447
r_4437,-4.22103752430854
r_4438,1.09721771269125
r_4439,-0.233615964649942
r_4440,-2.12867970161935
r_4441,-1.74164709061446
r_4442,10000000
r_4443,2.32220152768456
r_4444,0.500585569369858
r_4445,1.1028681755071
r_4446,5.79382111797757
r_4447,3.9419573816192
r_4448,-4.0909302488809
r_4449,-0.448470277541723
r_4450,-3.7745736669003
r_4451,1.91383665970574
r_4452,33.9472205175595
r_4453,5.83065269887702
r_4454,5.83065269887702
r_4455,0.134222407072726
r_4456,5.83065269887702
r_4457,-2.9669050443355
r_4458,2.42615154413365
r_4459,1.68348877330383
r_4460,-3.33353783956818
r_4461,1.82795388946156
r_4462,1.38366586165525
r_4463,-2.17192995117373
r_4464,2.32220152768454
r_4465,-2.76048291947189
r_4466,1.92611880081586
r_4467,1.13205783318701
r_4468,1.93516891667966
r_4469,-1.59461451148675
r_4470,1.1611036946699
r_4471,-3.68934775559328
r_4472,-0.836481502365672
r_4473,-5.26371128676622
r_4474,0.713397271044741
r_4475,3.842654341356
r_4476,8.30217371580023
r_4477,-1.20758190048183
r_4478,10000000
r_4479,0.520474651462791
r_4480,-4.13937234450139
r_4481,10000000
r_4482,-0.223045456569995
r_4483,0.163987154434906
r_4484,10000000
r_4485,-109.719814399715
r_4486,-82.6571074144519
r_4487,0
r_4488,-13.2138708276089
r_4489,3.40961418263709
r_4490,-8.89552407818182
r_4491,-9.78552407818181
r_4492,3.40961418263707
r_4493,2.2163661714707
r_4494,10000000
r_4495,8.7578533853349
r_4496,10000000
r_4497,10000000
r_4498,10000000
r_4499,10000000
r_4500,10000000
r_4501,10000000
r_4502,10000000
r_4503,10000000
r_4504,10000000
r_4505,10000000
r_4506,10000000
r_4507,10000000
r_4508,10000000
r_4509,10000000
r_4510,10000000
r_4511,10000000
r_4512,10000000
r_4513,10000000
r_4514,10000000
r_4515,10000000
r_4516,10000000
r_4517,10000000
r_4518,10000000
r_4519,10000000
r_4520,10000000
r_4521,10000000
r_4522,10000000
r_4523,10000000
r_4524,10000000
r_4525,10000000
r_4526,10000000
r_4527,10000000
r_4528,10000000
r_4529,10000000
r_4530,10000000
r_4531,10000000
r_4532,10000000
r_4533,10000000
r_4534,10000000
r_4535,10000000
r_4536,10000000
r_4537,10000000
r_4538,10000000
r_4539,10000000
r_4540,10000000
r_4541,10000000
r_4542,10000000
r_4543,10000000
r_4544,10000000
r_4545,10000000
r_4546,10000000
r_4547,10000000
r_4548,10000000
r_4549,10000000
r_4550,10000000
r_4551,10000000
r_4552,10000000
r_4553,10000000
r_4554,10000000
r_4555,10000000
r_4556,10000000
r_4557,10000000
r_4558,10000000
r_4559,10000000
r_4560,10000000
r_4561,10000000
r_4562,10000000
r_4563,10000000
r_4564,10000000
r_4565,10000000
r_4567,10000000
r_4568,10000000
r_4569,-8.37624068633341
r_4570,5.81972706039787
r_4571,10000000
r_4572,-0.740952715013592
r_4573,-8.94582279272807
r_4574,-3.45991289718332
r_4575,-3.849437034574
r_4581,3.51989544175808
r_4582,-11.5673289170225
r_4583,10000000
r_4584,10000000
r_4585,-3.11299999999994
r_4586,5.6843418860808e-14
r_4587,10000000
r_4588,1.19014955615278
r_4589,10000000
r_4590,10000000
r_4591,10000000
r_4592,10000000
r_4593,10000000
r_4594,10000000
r_4595,10000000
r_4596,10000000
r_4597,10000000
r_4598,10000000
r_4599,10000000
r_4600,10000000
r_4601,-2.7971011843458
r_4602,0.430742490366079
r_4603,-3.71792741555128
r_4604,0
r_4605,-0.681668045683004
r_4606,1.18103102117064
r_4607,-0.242137269053538
r_4608,12.7286952129308
r_4609,-0.82172848946179
r_4610,-0.271991634592819
r_4611,-1.67292297870793
r_4612,10000000
r_4613,4.15303188276794
r_4614,-1.89404544401955
r_4615,4.04854283431177e-08
r_4616,1.60960644479781
r_4617,-4.56215611004886
r_4618,1.96121199038465
r_4619,1.271631837516
r_4620,-1.79421569075572
r_4621,4.04854176849767e-08
r_4622,10000000
r_4623,-5.51423231445398
r_4624,1.27232489484601
r_4625,4.15098004048542
r_4626,3.63167947888275
r_4627,2.51535338322196
r_4628,10000000
r_4629,NaN
r_4630,-24.76171349
r_4631,NaN
r_4632,NaN
r_4633,NaN
r_4634,NaN
r_4635,0
r_4636,NaN
r_4637,NaN
r_4638,NaN
r_4639,NaN
r_4640,0
r_4641,NaN
r_4642,NaN
r_4643,NaN
r_4644,NaN
r_4645,-523.8851797
r_4646,NaN
r_4647,NaN
r_4648,NaN
r_4649,-20.85777385
r_4650,0
r_4651,-5.57256013
r_4652,-27.97615903
r_4653,-27.97615903
r_4654,-25.53553594
r_4655,0
r_4656,0
r_4657,0
r_4658,-110.9439132
r_4659,-148.6077734
r_4660,NaN
r_4661,NaN
r_4662,NaN
r_4663,NaN
r_4664,NaN
r_4665,NaN
r_4666,NaN
r_4667,NaN
r_4668,NaN
r_4669,NaN
r_4670,NaN
r_4671,NaN
r_4672,NaN
r_4673,0
r_4674,NaN
r_4675,0
r_4676,NaN
r_4677,-204.3197813
r_4678,-49.52159379
r_4679,6.270893927
r_4680,NaN
r_4681,0
r_4682,0
r_4683,NaN
r_4684,0
r_4685,0
r_4686,0
r_4687,NaN
r_4688,NaN
r_4689,NaN
r_4690,NaN
r_4691,NaN
r_4692,NaN
r_4693,NaN
r_4694,NaN
r_4695,NaN
r_4697,NaN
r_4698,NaN
r_4699,NaN
r_4700,0
r_4701,-2.939366033
r_4702,-14.94756503
r_4703,-12.44563668
r_4704,NaN
r_4705,0
r_4706,NaN
r_4707,-160.6914774
r_4708,-51.44416314
r_4709,NaN
r_4710,NaN
r_4711,NaN
r_4712,NaN
r_4713,NaN
r_4714,NaN
r_4715,NaN
r_4716,NaN
r_4717,NaN
r_4718,NaN
r_4719,NaN
r_4720,NaN
r_4721,NaN
r_4722,NaN
r_4723,NaN
r_4724,NaN
r_4725,NaN
r_4726,NaN
r_4727,NaN
r_4728,NaN
r_4729,NaN
r_4730,NaN
r_4731,NaN
r_4732,NaN
r_4733,NaN
r_4734,NaN
r_4735,NaN
r_4736,NaN
r_4737,NaN
r_4738,NaN
r_4739,NaN
r_4740,NaN
r_4741,NaN
r_4742,NaN
r_4743,NaN
r_4744,NaN
r_4745,NaN
r_4746,NaN
